timestamp,unix_time,motion_detected,motion_intensity,motion_area,brightness,sensor_type,device_id
2025-12-01T12:07:18.060698,1764590838,1,16.49,34203,133.95,webcam_motion,webcam_001
2025-12-01T12:07:18.173819,1764590838,1,75.67,156911,134.29,webcam_motion,webcam_001
2025-12-01T12:07:18.274467,1764590838,1,13.72,28452,133.57,webcam_motion,webcam_001
2025-12-01T12:07:18.418669,1764590838,1,5.39,11171,133.36,webcam_motion,webcam_001
2025-12-01T12:07:18.511822,1764590838,1,48.66,100891,132.16,webcam_motion,webcam_001
2025-12-01T12:07:18.703010,1764590838,1,100,263314,131.65,webcam_motion,webcam_001
2025-12-01T12:07:18.771196,1764590838,1,79.92,165713,131.96,webcam_motion,webcam_001
2025-12-01T12:07:18.835676,1764590838,1,78.07,161884,131.81,webcam_motion,webcam_001
2025-12-01T12:07:18.906229,1764590838,1,35.58,73773,131.56,webcam_motion,webcam_001
2025-12-01T12:07:18.975703,1764590838,1,64.68,134124,130.82,webcam_motion,webcam_001
2025-12-01T12:07:19.115093,1764590839,1,87.17,180766,131.25,webcam_motion,webcam_001
2025-12-01T12:07:19.181359,1764590839,1,28.16,58388,131.5,webcam_motion,webcam_001
2025-12-01T12:07:19.246221,1764590839,1,19.43,40291,131.72,webcam_motion,webcam_001
2025-12-01T12:07:19.312601,1764590839,1,18.3,37941,131.83,webcam_motion,webcam_001
2025-12-01T12:07:19.380316,1764590839,1,11.05,22910,131.9,webcam_motion,webcam_001
2025-12-01T12:07:19.482030,1764590839,1,26.43,54806,132.02,webcam_motion,webcam_001
2025-12-01T12:07:19.545119,1764590839,1,9.42,19539,132.1,webcam_motion,webcam_001
2025-12-01T12:07:19.614550,1764590839,1,9.8,20317,132.28,webcam_motion,webcam_001
2025-12-01T12:07:19.681079,1764590839,1,11.94,24758,132.58,webcam_motion,webcam_001
2025-12-01T12:07:19.747901,1764590839,1,1.8,3732,132.92,webcam_motion,webcam_001
2025-12-01T12:07:19.850582,1764590839,1,7.24,15013,133.23,webcam_motion,webcam_001
2025-12-01T12:07:19.913445,1764590839,1,1.97,4092,133.45,webcam_motion,webcam_001
2025-12-01T12:07:19.983975,1764590839,1,3.6,7455,133.72,webcam_motion,webcam_001
2025-12-01T12:07:20.047300,1764590840,1,0.29,601,133.92,webcam_motion,webcam_001
2025-12-01T12:07:20.113676,1764590840,1,3.54,7338,133.94,webcam_motion,webcam_001
2025-12-01T12:07:20.212806,1764590840,1,8.93,18509,134.08,webcam_motion,webcam_001
2025-12-01T12:07:20.282561,1764590840,1,5.37,11135,134.28,webcam_motion,webcam_001
2025-12-01T12:07:20.350401,1764590840,1,9.6,19908,134.4,webcam_motion,webcam_001
2025-12-01T12:07:20.413824,1764590840,1,8.01,16605,134.47,webcam_motion,webcam_001
2025-12-01T12:07:20.484656,1764590840,1,7.03,14575,134.61,webcam_motion,webcam_001
2025-12-01T12:07:20.585177,1764590840,1,17.53,36353,134.83,webcam_motion,webcam_001
2025-12-01T12:07:20.647173,1764590840,1,4.64,9623,134.82,webcam_motion,webcam_001
2025-12-01T12:07:20.719266,1764590840,1,2.54,5261,134.84,webcam_motion,webcam_001
2025-12-01T12:07:20.783597,1764590840,1,4.81,9978,134.87,webcam_motion,webcam_001
2025-12-01T12:07:20.840291,1764590840,1,12.12,25132,134.76,webcam_motion,webcam_001
2025-12-01T12:07:20.943185,1764590840,1,20.33,42161,134.52,webcam_motion,webcam_001
2025-12-01T12:07:21.011432,1764590841,1,10.7,22192,134.56,webcam_motion,webcam_001
2025-12-01T12:07:21.078420,1764590841,1,10.82,22443,134.53,webcam_motion,webcam_001
2025-12-01T12:07:21.149531,1764590841,1,7.6,15765,134.51,webcam_motion,webcam_001
2025-12-01T12:07:21.212534,1764590841,1,3.3,6835,134.49,webcam_motion,webcam_001
2025-12-01T12:07:21.317248,1764590841,1,6.52,13516,134.15,webcam_motion,webcam_001
2025-12-01T12:07:21.379352,1764590841,1,1.82,3775,133.95,webcam_motion,webcam_001
2025-12-01T12:07:21.445702,1764590841,0,0.0,0,133.82,webcam_motion,webcam_001
2025-12-01T12:07:21.512233,1764590841,0,0.0,0,133.63,webcam_motion,webcam_001
2025-12-01T12:07:21.581224,1764590841,0,0.0,0,133.27,webcam_motion,webcam_001
2025-12-01T12:07:21.684299,1764590841,1,7.93,16435,132.85,webcam_motion,webcam_001
2025-12-01T12:07:21.748543,1764590841,1,0.27,559,132.68,webcam_motion,webcam_001
2025-12-01T12:07:21.812796,1764590841,0,0.0,0,132.43,webcam_motion,webcam_001
2025-12-01T12:07:21.878673,1764590841,0,0.0,0,132.19,webcam_motion,webcam_001
2025-12-01T12:07:21.947315,1764590841,0,0.0,0,131.99,webcam_motion,webcam_001
2025-12-01T12:07:22.615487,1764590842,1,28.4,58885,130.62,webcam_motion,webcam_001
2025-12-01T12:07:22.686898,1764590842,1,3.08,6381,130.51,webcam_motion,webcam_001
2025-12-01T12:07:22.755088,1764590842,1,16.54,34292,130.49,webcam_motion,webcam_001
2025-12-01T12:07:22.819876,1764590842,1,22.49,46642,130.41,webcam_motion,webcam_001
2025-12-01T12:07:22.887999,1764590842,1,23.86,49479,130.18,webcam_motion,webcam_001
2025-12-01T12:07:22.990424,1764590842,1,37.39,77532,130.03,webcam_motion,webcam_001
2025-12-01T12:07:23.047444,1764590843,1,25.36,52593,130.1,webcam_motion,webcam_001
2025-12-01T12:07:23.118205,1764590843,1,10.17,21088,130.11,webcam_motion,webcam_001
2025-12-01T12:07:23.179320,1764590843,1,13.57,28141,130.1,webcam_motion,webcam_001
2025-12-01T12:07:23.244615,1764590843,1,9.89,20504,130.01,webcam_motion,webcam_001
2025-12-01T12:07:23.349196,1764590843,1,4.1,8501,129.88,webcam_motion,webcam_001
2025-12-01T12:07:23.410051,1764590843,0,0.0,0,129.79,webcam_motion,webcam_001
2025-12-01T12:07:23.481691,1764590843,1,0.25,508,129.79,webcam_motion,webcam_001
2025-12-01T12:07:23.547916,1764590843,1,15.32,31767,129.82,webcam_motion,webcam_001
2025-12-01T12:07:23.614670,1764590843,1,52.09,108015,129.98,webcam_motion,webcam_001
2025-12-01T12:07:23.747938,1764590843,1,100,270822,130.92,webcam_motion,webcam_001
2025-12-01T12:07:23.814578,1764590843,1,100,260725,131.34,webcam_motion,webcam_001
2025-12-01T12:07:23.885590,1764590843,1,100,252652,132.72,webcam_motion,webcam_001
2025-12-01T12:07:23.951087,1764590843,1,100,230186,132.69,webcam_motion,webcam_001
2025-12-01T12:07:24.019418,1764590844,1,92.91,192663,131.67,webcam_motion,webcam_001
2025-12-01T12:07:24.120608,1764590844,1,89.78,186171,130.69,webcam_motion,webcam_001
2025-12-01T12:07:24.183276,1764590844,1,55.75,115593,130.13,webcam_motion,webcam_001
2025-12-01T12:07:24.243670,1764590844,1,36.84,76398,130.61,webcam_motion,webcam_001
2025-12-01T12:07:24.312911,1764590844,1,18.43,38213,130.71,webcam_motion,webcam_001
2025-12-01T12:07:24.382979,1764590844,0,0.0,0,130.65,webcam_motion,webcam_001
2025-12-01T12:07:24.486674,1764590844,1,14.78,30654,130.41,webcam_motion,webcam_001
2025-12-01T12:07:24.549850,1764590844,1,20.66,42850,130.14,webcam_motion,webcam_001
2025-12-01T12:07:24.617536,1764590844,1,35.8,74225,129.75,webcam_motion,webcam_001
2025-12-01T12:07:24.678567,1764590844,1,52.44,108745,130.41,webcam_motion,webcam_001
2025-12-01T12:07:24.746083,1764590844,1,63.95,132613,131.04,webcam_motion,webcam_001
2025-12-01T12:07:24.840559,1764590844,1,93.22,193293,131.97,webcam_motion,webcam_001
2025-12-01T12:07:24.908090,1764590844,1,100,218644,132.77,webcam_motion,webcam_001
2025-12-01T12:07:24.974827,1764590844,1,100,249668,132.39,webcam_motion,webcam_001
2025-12-01T12:07:25.036947,1764590845,1,100,278041,130.98,webcam_motion,webcam_001
2025-12-01T12:07:25.109472,1764590845,1,100,286570,130.19,webcam_motion,webcam_001
2025-12-01T12:07:25.245999,1764590845,1,100,349587,131.9,webcam_motion,webcam_001
2025-12-01T12:07:25.316390,1764590845,1,100,277021,135.16,webcam_motion,webcam_001
2025-12-01T12:07:25.382150,1764590845,1,100,221785,136.25,webcam_motion,webcam_001
2025-12-01T12:07:25.449205,1764590845,1,100,209499,135.43,webcam_motion,webcam_001
2025-12-01T12:07:25.516341,1764590845,1,97.57,202330,133.36,webcam_motion,webcam_001
2025-12-01T12:07:25.612687,1764590845,1,85.12,176498,130.71,webcam_motion,webcam_001
2025-12-01T12:07:25.679209,1764590845,1,54.1,112187,129.12,webcam_motion,webcam_001
2025-12-01T12:07:25.744217,1764590845,1,32.59,67584,128.14,webcam_motion,webcam_001
2025-12-01T12:07:25.810024,1764590845,1,10.89,22576,127.72,webcam_motion,webcam_001
2025-12-01T12:07:25.878037,1764590845,1,53.65,111238,127.68,webcam_motion,webcam_001
2025-12-01T12:07:25.978329,1764590845,1,71.71,148689,127.52,webcam_motion,webcam_001
2025-12-01T12:07:26.043724,1764590846,1,52.84,109561,127.49,webcam_motion,webcam_001
2025-12-01T12:07:26.111276,1764590846,1,24.87,51578,127.47,webcam_motion,webcam_001
2025-12-01T12:07:26.174178,1764590846,1,27.7,57444,127.1,webcam_motion,webcam_001
2025-12-01T12:07:26.243422,1764590846,1,25.91,53720,126.78,webcam_motion,webcam_001
2025-12-01T12:07:26.346575,1764590846,1,13.91,28853,126.39,webcam_motion,webcam_001
2025-12-01T12:07:26.413531,1764590846,1,21.52,44625,126.26,webcam_motion,webcam_001
2025-12-01T12:07:26.480024,1764590846,1,37.27,77276,126.45,webcam_motion,webcam_001
2025-12-01T12:07:26.547006,1764590846,1,47.02,97502,126.76,webcam_motion,webcam_001
2025-12-01T12:07:26.613306,1764590846,1,64.81,134380,127.59,webcam_motion,webcam_001
2025-12-01T12:07:26.708544,1764590846,1,100,258391,126.58,webcam_motion,webcam_001
2025-12-01T12:07:26.777401,1764590846,1,100,401530,126.08,webcam_motion,webcam_001
2025-12-01T12:07:26.848575,1764590846,1,100,576639,122.37,webcam_motion,webcam_001
2025-12-01T12:07:26.913472,1764590846,1,100,956188,123.25,webcam_motion,webcam_001
2025-12-01T12:07:26.976039,1764590846,1,100,1255044,117.8,webcam_motion,webcam_001
2025-12-01T12:07:27.113698,1764590847,1,100,1015791,114.56,webcam_motion,webcam_001
2025-12-01T12:07:27.178542,1764590847,1,100,530759,118.53,webcam_motion,webcam_001
2025-12-01T12:07:27.241235,1764590847,1,100,319929,119.97,webcam_motion,webcam_001
2025-12-01T12:07:27.307080,1764590847,1,41.22,85465,119.29,webcam_motion,webcam_001
2025-12-01T12:07:27.371069,1764590847,1,1.9,3947,119.26,webcam_motion,webcam_001
2025-12-01T12:07:27.475067,1764590847,0,0.0,0,119.02,webcam_motion,webcam_001
2025-12-01T12:07:27.545679,1764590847,1,0.27,552,118.98,webcam_motion,webcam_001
2025-12-01T12:07:27.612563,1764590847,1,0.63,1299,119.09,webcam_motion,webcam_001
2025-12-01T12:07:27.679825,1764590847,1,0.77,1593,119.23,webcam_motion,webcam_001
2025-12-01T12:07:27.746667,1764590847,1,5.82,12074,118.79,webcam_motion,webcam_001
2025-12-01T12:07:27.843608,1764590847,1,47.3,98078,117.19,webcam_motion,webcam_001
2025-12-01T12:07:27.910061,1764590847,1,64.79,134358,118.57,webcam_motion,webcam_001
2025-12-01T12:07:27.974498,1764590847,1,72.09,149492,119.75,webcam_motion,webcam_001
2025-12-01T12:07:28.041616,1764590848,1,73.28,151953,121.12,webcam_motion,webcam_001
2025-12-01T12:07:28.111767,1764590848,1,74.71,154924,122.63,webcam_motion,webcam_001
2025-12-01T12:07:28.209608,1764590848,1,100,257574,124.71,webcam_motion,webcam_001
2025-12-01T12:07:28.275542,1764590848,1,100,226677,125.75,webcam_motion,webcam_001
2025-12-01T12:07:28.344610,1764590848,1,100,254650,126.13,webcam_motion,webcam_001
2025-12-01T12:07:28.407204,1764590848,1,100,246803,126.0,webcam_motion,webcam_001
2025-12-01T12:07:28.478781,1764590848,1,100,208236,125.74,webcam_motion,webcam_001
2025-12-01T12:07:28.614761,1764590848,1,77.63,160978,127.57,webcam_motion,webcam_001
2025-12-01T12:07:28.679576,1764590848,1,9.87,20460,127.61,webcam_motion,webcam_001
2025-12-01T12:07:28.745984,1764590848,1,11.44,23728,127.71,webcam_motion,webcam_001
2025-12-01T12:07:28.812563,1764590848,1,16.21,33623,127.67,webcam_motion,webcam_001
2025-12-01T12:07:28.880629,1764590848,1,17.67,36649,127.46,webcam_motion,webcam_001
2025-12-01T12:07:28.977544,1764590848,1,29.04,60223,127.06,webcam_motion,webcam_001
2025-12-01T12:07:29.041658,1764590849,1,20.86,43251,126.83,webcam_motion,webcam_001
2025-12-01T12:07:29.108786,1764590849,1,17.88,37078,126.64,webcam_motion,webcam_001
2025-12-01T12:07:29.175136,1764590849,1,16.56,34328,126.38,webcam_motion,webcam_001
2025-12-01T12:07:29.244204,1764590849,1,12.16,25210,126.11,webcam_motion,webcam_001
2025-12-01T12:07:29.374745,1764590849,1,13.22,27414,125.28,webcam_motion,webcam_001
2025-12-01T12:07:29.445460,1764590849,1,2.75,5696,124.83,webcam_motion,webcam_001
2025-12-01T12:07:29.508277,1764590849,1,7.8,16166,124.41,webcam_motion,webcam_001
2025-12-01T12:07:29.578931,1764590849,1,12.15,25187,123.97,webcam_motion,webcam_001
2025-12-01T12:07:29.642394,1764590849,1,11.11,23028,123.53,webcam_motion,webcam_001
2025-12-01T12:07:29.779041,1764590849,1,21.55,44694,122.7,webcam_motion,webcam_001
2025-12-01T12:07:29.841497,1764590849,1,8.02,16623,122.39,webcam_motion,webcam_001
2025-12-01T12:07:29.911837,1764590849,1,3.61,7485,122.2,webcam_motion,webcam_001
2025-12-01T12:07:29.977676,1764590849,1,1.96,4074,122.09,webcam_motion,webcam_001
2025-12-01T12:07:30.044665,1764590850,1,2.76,5726,122.09,webcam_motion,webcam_001
2025-12-01T12:07:30.143824,1764590850,1,11.99,24863,122.17,webcam_motion,webcam_001
2025-12-01T12:07:30.210586,1764590850,1,2.8,5812,122.17,webcam_motion,webcam_001
2025-12-01T12:07:30.274985,1764590850,1,4.76,9875,122.13,webcam_motion,webcam_001
2025-12-01T12:07:30.341272,1764590850,1,7.0,14512,122.11,webcam_motion,webcam_001
2025-12-01T12:07:30.408185,1764590850,1,12.47,25850,122.02,webcam_motion,webcam_001
2025-12-01T12:07:30.512605,1764590850,1,21.43,44434,122.19,webcam_motion,webcam_001
2025-12-01T12:07:30.575047,1764590850,1,22.77,47207,123.13,webcam_motion,webcam_001
2025-12-01T12:07:30.645667,1764590850,1,16.26,33715,123.27,webcam_motion,webcam_001
2025-12-01T12:07:30.713845,1764590850,1,20.88,43289,122.33,webcam_motion,webcam_001
2025-12-01T12:07:30.780622,1764590850,1,8.73,18102,122.0,webcam_motion,webcam_001
2025-12-01T12:07:30.912988,1764590850,1,12.2,25288,121.99,webcam_motion,webcam_001
2025-12-01T12:07:30.975573,1764590850,1,1.29,2672,122.05,webcam_motion,webcam_001
2025-12-01T12:07:31.042647,1764590851,1,5.12,10614,122.08,webcam_motion,webcam_001
2025-12-01T12:07:31.110501,1764590851,1,3.52,7306,122.16,webcam_motion,webcam_001
2025-12-01T12:07:31.174779,1764590851,1,2.55,5281,122.26,webcam_motion,webcam_001
2025-12-01T12:07:31.276247,1764590851,1,11.73,24323,122.45,webcam_motion,webcam_001
2025-12-01T12:07:31.344406,1764590851,1,9.03,18715,122.58,webcam_motion,webcam_001
2025-12-01T12:07:31.410366,1764590851,1,10.72,22221,122.54,webcam_motion,webcam_001
2025-12-01T12:07:31.477418,1764590851,1,10.36,21484,122.43,webcam_motion,webcam_001
2025-12-01T12:07:31.542361,1764590851,1,24.09,49963,122.47,webcam_motion,webcam_001
2025-12-01T12:07:31.641229,1764590851,1,26.46,54870,122.51,webcam_motion,webcam_001
2025-12-01T12:07:31.712836,1764590851,1,13.71,28423,122.68,webcam_motion,webcam_001
2025-12-01T12:07:31.781795,1764590851,1,12.15,25185,122.96,webcam_motion,webcam_001
2025-12-01T12:07:31.849637,1764590851,1,10.35,21459,123.26,webcam_motion,webcam_001
2025-12-01T12:07:31.915545,1764590851,1,6.87,14245,123.54,webcam_motion,webcam_001
2025-12-01T12:07:32.049572,1764590852,1,13.34,27670,124.03,webcam_motion,webcam_001
2025-12-01T12:07:32.112933,1764590852,1,23.25,48218,124.26,webcam_motion,webcam_001
2025-12-01T12:07:32.181308,1764590852,1,24.58,50960,124.29,webcam_motion,webcam_001
2025-12-01T12:07:32.248565,1764590852,1,21.91,45425,124.15,webcam_motion,webcam_001
2025-12-01T12:07:32.313620,1764590852,1,19.05,39511,124.0,webcam_motion,webcam_001
2025-12-01T12:07:32.416030,1764590852,1,25.84,53575,123.92,webcam_motion,webcam_001
2025-12-01T12:07:32.481017,1764590852,1,15.09,31290,123.8,webcam_motion,webcam_001
2025-12-01T12:07:32.549112,1764590852,1,25.54,52952,125.0,webcam_motion,webcam_001
2025-12-01T12:07:32.613790,1764590852,1,44.82,92943,121.91,webcam_motion,webcam_001
2025-12-01T12:07:32.680727,1764590852,1,36.68,76054,121.5,webcam_motion,webcam_001
2025-12-01T12:07:32.808959,1764590852,1,35.22,73035,121.52,webcam_motion,webcam_001
2025-12-01T12:07:32.877764,1764590852,1,19.13,39673,121.49,webcam_motion,webcam_001
2025-12-01T12:07:32.943753,1764590852,1,11.93,24733,121.61,webcam_motion,webcam_001
2025-12-01T12:07:33.014235,1764590853,1,15.94,33059,122.13,webcam_motion,webcam_001
2025-12-01T12:07:33.082202,1764590853,1,16.7,34628,122.27,webcam_motion,webcam_001
2025-12-01T12:07:33.182846,1764590853,1,22.35,46347,122.03,webcam_motion,webcam_001
2025-12-01T12:07:33.246162,1764590853,1,19.12,39657,121.8,webcam_motion,webcam_001
2025-12-01T12:07:33.311134,1764590853,1,28.19,58447,121.33,webcam_motion,webcam_001
2025-12-01T12:07:33.376986,1764590853,1,32.77,67943,120.9,webcam_motion,webcam_001
2025-12-01T12:07:33.443932,1764590853,1,32.6,67600,120.76,webcam_motion,webcam_001
2025-12-01T12:07:33.544287,1764590853,1,46.09,95567,120.86,webcam_motion,webcam_001
2025-12-01T12:07:33.610579,1764590853,1,12.39,25693,121.01,webcam_motion,webcam_001
2025-12-01T12:07:33.677345,1764590853,1,2.83,5870,121.26,webcam_motion,webcam_001
2025-12-01T12:07:33.743753,1764590853,1,4.32,8964,121.54,webcam_motion,webcam_001
2025-12-01T12:07:33.808138,1764590853,1,1.11,2298,121.85,webcam_motion,webcam_001
2025-12-01T12:07:33.914822,1764590853,1,4.94,10240,122.31,webcam_motion,webcam_001
2025-12-01T12:07:33.982949,1764590853,1,4.62,9587,122.6,webcam_motion,webcam_001
2025-12-01T12:07:34.048439,1764590854,1,6.78,14067,122.84,webcam_motion,webcam_001
2025-12-01T12:07:34.115824,1764590854,1,5.41,11226,123.07,webcam_motion,webcam_001
2025-12-01T12:07:34.179368,1764590854,1,7.72,16013,123.26,webcam_motion,webcam_001
2025-12-01T12:07:34.283130,1764590854,1,12.76,26468,123.51,webcam_motion,webcam_001
2025-12-01T12:07:34.346063,1764590854,1,6.15,12754,123.62,webcam_motion,webcam_001
2025-12-01T12:07:34.410388,1764590854,1,4.19,8688,123.82,webcam_motion,webcam_001
2025-12-01T12:07:34.477516,1764590854,1,12.24,25383,124.17,webcam_motion,webcam_001
2025-12-01T12:07:34.545105,1764590854,1,9.81,20345,124.55,webcam_motion,webcam_001
2025-12-01T12:07:34.644082,1764590854,1,20.25,41983,124.97,webcam_motion,webcam_001
2025-12-01T12:07:34.710381,1764590854,1,8.76,18158,125.12,webcam_motion,webcam_001
2025-12-01T12:07:34.775083,1764590854,1,11.52,23893,125.15,webcam_motion,webcam_001
2025-12-01T12:07:34.845612,1764590854,1,16.85,34932,124.93,webcam_motion,webcam_001
2025-12-01T12:07:34.904250,1764590854,1,21.29,44147,124.53,webcam_motion,webcam_001
2025-12-01T12:07:35.008298,1764590855,1,40.18,83322,124.17,webcam_motion,webcam_001
2025-12-01T12:07:35.079291,1764590855,1,30.73,63727,124.52,webcam_motion,webcam_001
2025-12-01T12:07:35.145614,1764590855,1,36.93,76582,124.77,webcam_motion,webcam_001
2025-12-01T12:07:35.213745,1764590855,1,43.04,89240,126.04,webcam_motion,webcam_001
2025-12-01T12:07:35.281886,1764590855,1,37.52,77806,126.5,webcam_motion,webcam_001
2025-12-01T12:07:35.411740,1764590855,1,60.51,125479,127.03,webcam_motion,webcam_001
2025-12-01T12:07:35.477172,1764590855,1,25.16,52173,126.4,webcam_motion,webcam_001
2025-12-01T12:07:35.543969,1764590855,1,34.9,72370,125.65,webcam_motion,webcam_001
2025-12-01T12:07:35.610892,1764590855,1,40.91,84835,125.05,webcam_motion,webcam_001
2025-12-01T12:07:35.675434,1764590855,1,36.69,76071,124.63,webcam_motion,webcam_001
2025-12-01T12:07:35.775024,1764590855,1,39.59,82098,124.24,webcam_motion,webcam_001
2025-12-01T12:07:35.841666,1764590855,1,14.23,29503,124.09,webcam_motion,webcam_001
2025-12-01T12:07:35.908108,1764590855,1,15.07,31249,123.88,webcam_motion,webcam_001
2025-12-01T12:07:35.979869,1764590855,1,12.2,25289,123.37,webcam_motion,webcam_001
2025-12-01T12:07:36.048817,1764590856,1,7.48,15517,122.78,webcam_motion,webcam_001
2025-12-01T12:07:36.149442,1764590856,1,5.68,11783,122.14,webcam_motion,webcam_001
2025-12-01T12:07:36.213222,1764590856,1,1.54,3190,121.83,webcam_motion,webcam_001
2025-12-01T12:07:36.280578,1764590856,1,4.0,8290,121.45,webcam_motion,webcam_001
2025-12-01T12:07:36.345051,1764590856,1,3.26,6752,121.06,webcam_motion,webcam_001
2025-12-01T12:07:36.410068,1764590856,1,2.73,5666,120.64,webcam_motion,webcam_001
2025-12-01T12:07:36.514921,1764590856,1,8.96,18579,119.89,webcam_motion,webcam_001
2025-12-01T12:07:36.582549,1764590856,1,5.11,10605,119.49,webcam_motion,webcam_001
2025-12-01T12:07:36.649264,1764590856,1,5.43,11257,118.98,webcam_motion,webcam_001
2025-12-01T12:07:36.715739,1764590856,1,15.26,31639,118.39,webcam_motion,webcam_001
2025-12-01T12:07:36.778706,1764590856,1,30.55,63350,117.92,webcam_motion,webcam_001
2025-12-01T12:07:36.881380,1764590856,1,46.07,95529,117.47,webcam_motion,webcam_001
2025-12-01T12:07:36.945653,1764590856,1,32.64,67681,117.01,webcam_motion,webcam_001
2025-12-01T12:07:37.011312,1764590857,1,27.64,57324,116.56,webcam_motion,webcam_001
2025-12-01T12:07:37.079854,1764590857,1,19.53,40498,116.19,webcam_motion,webcam_001
2025-12-01T12:07:37.148735,1764590857,1,12.95,26854,115.78,webcam_motion,webcam_001
2025-12-01T12:07:37.244054,1764590857,1,11.91,24690,115.25,webcam_motion,webcam_001
2025-12-01T12:07:37.308261,1764590857,1,4.25,8804,115.09,webcam_motion,webcam_001
2025-12-01T12:07:37.382681,1764590857,1,4.93,10232,114.96,webcam_motion,webcam_001
2025-12-01T12:07:37.448887,1764590857,1,5.36,11109,114.92,webcam_motion,webcam_001
2025-12-01T12:07:37.517232,1764590857,1,4.84,10044,115.09,webcam_motion,webcam_001
2025-12-01T12:07:37.617913,1764590857,1,10.08,20897,115.44,webcam_motion,webcam_001
2025-12-01T12:07:37.683859,1764590857,1,4.1,8496,115.76,webcam_motion,webcam_001
2025-12-01T12:07:37.752126,1764590857,1,3.06,6343,116.32,webcam_motion,webcam_001
2025-12-01T12:07:37.817166,1764590857,1,1.34,2776,116.95,webcam_motion,webcam_001
2025-12-01T12:07:37.883913,1764590857,1,0.38,782,117.47,webcam_motion,webcam_001
2025-12-01T12:07:37.989168,1764590857,0,0.0,0,118.34,webcam_motion,webcam_001
2025-12-01T12:07:38.058626,1764590858,0,0.0,0,118.93,webcam_motion,webcam_001
2025-12-01T12:07:38.120135,1764590858,0,0.0,0,119.46,webcam_motion,webcam_001
2025-12-01T12:07:38.189143,1764590858,1,0.59,1223,120.01,webcam_motion,webcam_001
2025-12-01T12:07:38.255965,1764590858,1,1.77,3670,120.49,webcam_motion,webcam_001
2025-12-01T12:07:38.356443,1764590858,1,3.19,6604,120.98,webcam_motion,webcam_001
2025-12-01T12:07:38.422642,1764590858,1,1.25,2587,121.16,webcam_motion,webcam_001
2025-12-01T12:07:38.485603,1764590858,1,1.37,2839,121.3,webcam_motion,webcam_001
2025-12-01T12:07:38.556311,1764590858,1,12.3,25508,122.32,webcam_motion,webcam_001
2025-12-01T12:07:38.624556,1764590858,1,42.94,89036,123.59,webcam_motion,webcam_001
2025-12-01T12:07:38.761257,1764590858,1,90.8,188282,121.37,webcam_motion,webcam_001
2025-12-01T12:07:38.825584,1764590858,1,51.39,106569,121.88,webcam_motion,webcam_001
2025-12-01T12:07:38.890419,1764590858,1,29.57,61325,122.32,webcam_motion,webcam_001
2025-12-01T12:07:38.954181,1764590858,1,24.64,51101,122.59,webcam_motion,webcam_001
2025-12-01T12:07:39.020048,1764590859,1,17.67,36637,122.69,webcam_motion,webcam_001
2025-12-01T12:07:39.113028,1764590859,1,32.17,66715,122.64,webcam_motion,webcam_001
2025-12-01T12:07:39.183749,1764590859,1,18.48,38313,122.61,webcam_motion,webcam_001
2025-12-01T12:07:39.252515,1764590859,1,22.83,47349,122.69,webcam_motion,webcam_001
2025-12-01T12:07:39.317087,1764590859,1,29.04,60218,122.9,webcam_motion,webcam_001
2025-12-01T12:07:39.380457,1764590859,1,47.75,99006,123.32,webcam_motion,webcam_001
2025-12-01T12:07:39.483836,1764590859,1,94.65,196262,125.29,webcam_motion,webcam_001
2025-12-01T12:07:39.549808,1764590859,1,93.5,193889,125.75,webcam_motion,webcam_001
2025-12-01T12:07:39.615573,1764590859,1,86.57,179509,125.26,webcam_motion,webcam_001
2025-12-01T12:07:39.683962,1764590859,1,88.12,182719,124.53,webcam_motion,webcam_001
2025-12-01T12:07:39.753657,1764590859,1,85.91,178135,122.87,webcam_motion,webcam_001
2025-12-01T12:07:39.859296,1764590859,1,80.53,166990,121.24,webcam_motion,webcam_001
2025-12-01T12:07:39.918969,1764590859,1,28.53,59158,120.86,webcam_motion,webcam_001
2025-12-01T12:07:39.990958,1764590859,1,19.7,40852,121.08,webcam_motion,webcam_001
2025-12-01T12:07:40.057821,1764590860,1,53.76,111473,121.78,webcam_motion,webcam_001
2025-12-01T12:07:40.124517,1764590860,1,87.55,181539,123.1,webcam_motion,webcam_001
2025-12-01T12:07:40.261608,1764590860,1,100,405546,123.52,webcam_motion,webcam_001
2025-12-01T12:07:40.329645,1764590860,1,100,280546,119.37,webcam_motion,webcam_001
2025-12-01T12:07:40.395019,1764590860,1,100,285006,114.35,webcam_motion,webcam_001
2025-12-01T12:07:40.458467,1764590860,1,100,251905,113.62,webcam_motion,webcam_001
2025-12-01T12:07:40.523453,1764590860,1,85.6,177495,114.91,webcam_motion,webcam_001
2025-12-01T12:07:40.623135,1764590860,1,25.84,53575,116.12,webcam_motion,webcam_001
2025-12-01T12:07:40.685589,1764590860,1,43.78,90782,116.22,webcam_motion,webcam_001
2025-12-01T12:07:40.755066,1764590860,1,37.8,78390,116.23,webcam_motion,webcam_001
2025-12-01T12:07:40.818099,1764590860,1,8.86,18364,116.44,webcam_motion,webcam_001
2025-12-01T12:07:40.889908,1764590860,1,10.66,22099,116.68,webcam_motion,webcam_001
2025-12-01T12:07:40.992969,1764590860,1,47.05,97570,117.63,webcam_motion,webcam_001
2025-12-01T12:07:41.050146,1764590861,1,27.01,56001,119.6,webcam_motion,webcam_001
2025-12-01T12:07:41.123617,1764590861,1,23.93,49629,121.14,webcam_motion,webcam_001
2025-12-01T12:07:41.186408,1764590861,1,19.06,39524,121.82,webcam_motion,webcam_001
2025-12-01T12:07:41.255700,1764590861,1,15.17,31451,122.29,webcam_motion,webcam_001
2025-12-01T12:07:41.352037,1764590861,1,13.0,26958,122.75,webcam_motion,webcam_001
2025-12-01T12:07:41.421011,1764590861,1,3.79,7850,123.0,webcam_motion,webcam_001
2025-12-01T12:07:41.486800,1764590861,1,4.97,10297,123.23,webcam_motion,webcam_001
2025-12-01T12:07:41.556512,1764590861,0,0.0,0,123.5,webcam_motion,webcam_001
2025-12-01T12:07:41.620703,1764590861,0,0.0,0,123.81,webcam_motion,webcam_001
2025-12-01T12:07:41.725237,1764590861,1,12.16,25210,124.33,webcam_motion,webcam_001
2025-12-01T12:07:41.792248,1764590861,1,23.58,48888,124.6,webcam_motion,webcam_001
2025-12-01T12:07:41.860165,1764590861,1,29.8,61785,125.06,webcam_motion,webcam_001
2025-12-01T12:07:41.927279,1764590861,1,32.16,66696,125.91,webcam_motion,webcam_001
2025-12-01T12:07:41.991896,1764590861,1,31.42,65159,126.8,webcam_motion,webcam_001
2025-12-01T12:07:42.090193,1764590862,1,33.88,70244,127.75,webcam_motion,webcam_001
2025-12-01T12:07:42.157746,1764590862,1,12.43,25769,128.1,webcam_motion,webcam_001
2025-12-01T12:07:42.224865,1764590862,1,1.52,3150,128.15,webcam_motion,webcam_001
2025-12-01T12:07:42.290516,1764590862,1,5.5,11414,128.15,webcam_motion,webcam_001
2025-12-01T12:07:42.342130,1764590862,1,0.58,1209,128.22,webcam_motion,webcam_001
2025-12-01T12:07:42.451589,1764590862,1,0.31,632,128.45,webcam_motion,webcam_001
2025-12-01T12:07:42.519130,1764590862,1,1.55,3209,128.47,webcam_motion,webcam_001
2025-12-01T12:07:42.585975,1764590862,1,2.19,4551,128.41,webcam_motion,webcam_001
2025-12-01T12:07:42.651665,1764590862,1,9.81,20351,128.27,webcam_motion,webcam_001
2025-12-01T12:07:42.719935,1764590862,1,13.29,27559,128.11,webcam_motion,webcam_001
2025-12-01T12:07:42.819598,1764590862,1,39.4,81691,127.61,webcam_motion,webcam_001
2025-12-01T12:07:42.888359,1764590862,1,37.51,77778,127.06,webcam_motion,webcam_001
2025-12-01T12:07:42.953353,1764590862,1,32.7,67800,126.82,webcam_motion,webcam_001
2025-12-01T12:07:43.018230,1764590863,1,21.6,44787,126.87,webcam_motion,webcam_001
2025-12-01T12:07:43.086297,1764590863,1,9.58,19864,126.96,webcam_motion,webcam_001
2025-12-01T12:07:43.187757,1764590863,1,0.88,1831,127.16,webcam_motion,webcam_001
2025-12-01T12:07:43.256127,1764590863,1,1.15,2390,127.25,webcam_motion,webcam_001
2025-12-01T12:07:43.322854,1764590863,1,1.6,3324,127.3,webcam_motion,webcam_001
2025-12-01T12:07:43.389221,1764590863,1,0.51,1051,127.33,webcam_motion,webcam_001
2025-12-01T12:07:43.452865,1764590863,1,0.77,1588,127.35,webcam_motion,webcam_001
2025-12-01T12:07:43.559616,1764590863,1,5.16,10698,127.32,webcam_motion,webcam_001
2025-12-01T12:07:43.624538,1764590863,1,2.36,4899,127.28,webcam_motion,webcam_001
2025-12-01T12:07:43.690089,1764590863,1,3.52,7290,127.22,webcam_motion,webcam_001
2025-12-01T12:07:43.757237,1764590863,1,8.23,17066,127.12,webcam_motion,webcam_001
2025-12-01T12:07:43.823851,1764590863,1,15.01,31123,127.01,webcam_motion,webcam_001
2025-12-01T12:07:43.923347,1764590863,1,29.03,60197,126.55,webcam_motion,webcam_001
2025-12-01T12:07:43.989789,1764590863,1,30.69,63629,125.88,webcam_motion,webcam_001
2025-12-01T12:07:44.060002,1764590864,1,41.93,86943,125.67,webcam_motion,webcam_001
2025-12-01T12:07:44.121736,1764590864,1,52.47,108812,126.27,webcam_motion,webcam_001
2025-12-01T12:07:44.190580,1764590864,1,61.37,127262,127.53,webcam_motion,webcam_001
2025-12-01T12:07:44.288793,1764590864,1,99.06,205403,130.95,webcam_motion,webcam_001
2025-12-01T12:07:44.357200,1764590864,1,98.45,204144,134.46,webcam_motion,webcam_001
2025-12-01T12:07:44.422217,1764590864,1,100,244273,135.06,webcam_motion,webcam_001
2025-12-01T12:07:44.492513,1764590864,1,100,269016,131.78,webcam_motion,webcam_001
2025-12-01T12:07:44.559781,1764590864,1,100,260487,128.6,webcam_motion,webcam_001
2025-12-01T12:07:44.658128,1764590864,1,100,268318,125.39,webcam_motion,webcam_001
2025-12-01T12:07:44.716871,1764590864,1,64.24,133207,124.83,webcam_motion,webcam_001
2025-12-01T12:07:44.785181,1764590864,1,48.37,100295,124.14,webcam_motion,webcam_001
2025-12-01T12:07:44.855364,1764590864,1,10.95,22715,123.86,webcam_motion,webcam_001
2025-12-01T12:07:44.917438,1764590864,1,11.48,23811,123.67,webcam_motion,webcam_001
2025-12-01T12:07:45.024946,1764590865,1,9.92,20560,123.64,webcam_motion,webcam_001
2025-12-01T12:07:45.091296,1764590865,1,2.99,6198,123.72,webcam_motion,webcam_001
2025-12-01T12:07:45.159877,1764590865,1,19.99,41444,124.03,webcam_motion,webcam_001
2025-12-01T12:07:45.218823,1764590865,1,34.22,70948,124.69,webcam_motion,webcam_001
2025-12-01T12:07:45.291224,1764590865,1,40.41,83802,125.74,webcam_motion,webcam_001
2025-12-01T12:07:45.393464,1764590865,1,64.35,133432,126.75,webcam_motion,webcam_001
2025-12-01T12:07:45.459039,1764590865,1,65.78,136397,126.91,webcam_motion,webcam_001
2025-12-01T12:07:45.520197,1764590865,1,70.83,146869,126.0,webcam_motion,webcam_001
2025-12-01T12:07:45.586990,1764590865,1,61.31,127134,125.27,webcam_motion,webcam_001
2025-12-01T12:07:45.656266,1764590865,1,60.58,125623,124.77,webcam_motion,webcam_001
2025-12-01T12:07:45.745108,1764590865,1,77.75,161217,124.11,webcam_motion,webcam_001
2025-12-01T12:07:45.817080,1764590865,1,38.06,78929,123.58,webcam_motion,webcam_001
2025-12-01T12:07:45.889526,1764590865,1,22.52,46694,123.31,webcam_motion,webcam_001
2025-12-01T12:07:45.957987,1764590865,1,4.7,9743,123.31,webcam_motion,webcam_001
2025-12-01T12:07:46.022303,1764590866,1,5.48,11365,123.2,webcam_motion,webcam_001
2025-12-01T12:07:46.127632,1764590866,1,45.42,94188,123.81,webcam_motion,webcam_001
2025-12-01T12:07:46.191575,1764590866,1,100,259084,127.88,webcam_motion,webcam_001
2025-12-01T12:07:46.258666,1764590866,1,100,452338,132.7,webcam_motion,webcam_001
2025-12-01T12:07:46.322793,1764590866,1,100,571290,138.3,webcam_motion,webcam_001
2025-12-01T12:07:46.394453,1764590866,1,100,909967,132.98,webcam_motion,webcam_001
2025-12-01T12:07:46.495379,1764590866,1,100,1107593,135.86,webcam_motion,webcam_001
2025-12-01T12:07:46.553324,1764590866,1,100,849747,133.6,webcam_motion,webcam_001
2025-12-01T12:07:46.622729,1764590866,1,100,739463,130.85,webcam_motion,webcam_001
2025-12-01T12:07:46.690115,1764590866,1,100,561236,121.62,webcam_motion,webcam_001
2025-12-01T12:07:46.755793,1764590866,1,100,444313,125.3,webcam_motion,webcam_001
2025-12-01T12:07:46.858401,1764590866,1,100,322642,126.77,webcam_motion,webcam_001
2025-12-01T12:07:46.924184,1764590866,1,41.36,85767,126.76,webcam_motion,webcam_001
2025-12-01T12:07:46.987539,1764590866,1,41.16,85351,126.6,webcam_motion,webcam_001
2025-12-01T12:07:47.054255,1764590867,1,45.64,94631,126.8,webcam_motion,webcam_001
2025-12-01T12:07:47.118643,1764590867,1,28.03,58128,127.26,webcam_motion,webcam_001
2025-12-01T12:07:47.223884,1764590867,1,67.7,140392,127.74,webcam_motion,webcam_001
2025-12-01T12:07:47.288790,1764590867,1,51.64,107087,127.51,webcam_motion,webcam_001
2025-12-01T12:07:47.349800,1764590867,1,50.48,104674,127.73,webcam_motion,webcam_001
2025-12-01T12:07:47.423350,1764590867,1,53.23,110372,128.14,webcam_motion,webcam_001
2025-12-01T12:07:47.491860,1764590867,1,72.13,149578,127.23,webcam_motion,webcam_001
2025-12-01T12:07:47.594322,1764590867,1,89.09,184744,126.15,webcam_motion,webcam_001
2025-12-01T12:07:47.658175,1764590867,1,48.03,99599,125.83,webcam_motion,webcam_001
2025-12-01T12:07:47.722922,1764590867,1,42.96,89090,125.69,webcam_motion,webcam_001
2025-12-01T12:07:47.789393,1764590867,1,36.58,75860,125.72,webcam_motion,webcam_001
2025-12-01T12:07:47.856740,1764590867,1,39.58,82066,125.7,webcam_motion,webcam_001
2025-12-01T12:07:47.958647,1764590867,1,50.93,105601,125.1,webcam_motion,webcam_001
2025-12-01T12:07:48.022714,1764590868,1,29.74,61677,125.12,webcam_motion,webcam_001
2025-12-01T12:07:48.093261,1764590868,1,22.5,46662,125.38,webcam_motion,webcam_001
2025-12-01T12:07:48.156788,1764590868,1,12.67,26262,125.66,webcam_motion,webcam_001
2025-12-01T12:07:48.222509,1764590868,1,8.38,17382,125.82,webcam_motion,webcam_001
2025-12-01T12:07:48.325587,1764590868,1,2.32,4815,125.99,webcam_motion,webcam_001
2025-12-01T12:07:48.388119,1764590868,0,0.0,0,126.03,webcam_motion,webcam_001
2025-12-01T12:07:48.455750,1764590868,0,0.0,0,126.09,webcam_motion,webcam_001
2025-12-01T12:07:48.524398,1764590868,1,1.06,2201,126.19,webcam_motion,webcam_001
2025-12-01T12:07:48.585906,1764590868,1,1.03,2131,126.32,webcam_motion,webcam_001
2025-12-01T12:07:48.687755,1764590868,1,1.5,3111,126.53,webcam_motion,webcam_001
2025-12-01T12:07:48.757590,1764590868,1,1.61,3334,126.69,webcam_motion,webcam_001
2025-12-01T12:07:48.824784,1764590868,1,1.34,2778,126.78,webcam_motion,webcam_001
2025-12-01T12:07:48.887290,1764590868,1,2.37,4917,126.84,webcam_motion,webcam_001
2025-12-01T12:07:48.958401,1764590868,1,2.07,4296,126.83,webcam_motion,webcam_001
2025-12-01T12:07:49.058234,1764590869,1,3.98,8243,126.82,webcam_motion,webcam_001
2025-12-01T12:07:49.125887,1764590869,1,3.01,6237,126.86,webcam_motion,webcam_001
2025-12-01T12:07:49.191757,1764590869,1,2.19,4538,126.86,webcam_motion,webcam_001
2025-12-01T12:07:49.254554,1764590869,1,0.53,1093,126.84,webcam_motion,webcam_001
2025-12-01T12:07:49.321124,1764590869,0,0.0,0,126.82,webcam_motion,webcam_001
2025-12-01T12:07:49.421608,1764590869,0,0.0,0,126.73,webcam_motion,webcam_001
2025-12-01T12:07:49.488973,1764590869,0,0.0,0,126.65,webcam_motion,webcam_001
2025-12-01T12:07:49.559448,1764590869,0,0.0,0,126.54,webcam_motion,webcam_001
2025-12-01T12:07:49.626772,1764590869,0,0.0,0,126.41,webcam_motion,webcam_001
2025-12-01T12:07:49.678101,1764590869,0,0.0,0,126.29,webcam_motion,webcam_001
2025-12-01T12:07:49.787998,1764590869,0,0.0,0,126.13,webcam_motion,webcam_001
2025-12-01T12:07:49.854566,1764590869,1,0.26,549,125.99,webcam_motion,webcam_001
2025-12-01T12:07:49.920212,1764590869,1,0.26,542,125.86,webcam_motion,webcam_001
2025-12-01T12:07:49.985287,1764590869,1,1.07,2220,125.71,webcam_motion,webcam_001
2025-12-01T12:07:50.053420,1764590870,1,0.36,751,125.57,webcam_motion,webcam_001
2025-12-01T12:07:50.155428,1764590870,1,2.8,5801,125.34,webcam_motion,webcam_001
2025-12-01T12:07:50.222223,1764590870,1,2.0,4156,125.19,webcam_motion,webcam_001
2025-12-01T12:07:50.288835,1764590870,1,2.01,4162,125.08,webcam_motion,webcam_001
2025-12-01T12:07:50.354521,1764590870,1,0.89,1851,124.98,webcam_motion,webcam_001
2025-12-01T12:07:50.419865,1764590870,1,2.29,4740,124.96,webcam_motion,webcam_001
2025-12-01T12:07:50.520847,1764590870,1,3.55,7357,124.99,webcam_motion,webcam_001
2025-12-01T12:07:50.589696,1764590870,1,3.24,6725,125.03,webcam_motion,webcam_001
2025-12-01T12:07:50.657134,1764590870,1,3.12,6464,125.09,webcam_motion,webcam_001
2025-12-01T12:07:50.724322,1764590870,1,2.9,6005,125.13,webcam_motion,webcam_001
2025-12-01T12:07:50.794641,1764590870,1,1.95,4037,125.17,webcam_motion,webcam_001
2025-12-01T12:07:50.891162,1764590870,1,0.54,1124,125.17,webcam_motion,webcam_001
2025-12-01T12:07:50.957060,1764590870,0,0.0,0,125.16,webcam_motion,webcam_001
2025-12-01T12:07:51.022513,1764590871,0,0.0,0,125.17,webcam_motion,webcam_001
2025-12-01T12:07:51.092913,1764590871,1,0.97,2001,125.18,webcam_motion,webcam_001
2025-12-01T12:07:51.162779,1764590871,1,1.35,2797,125.12,webcam_motion,webcam_001
2025-12-01T12:07:51.258429,1764590871,1,0.26,533,125.08,webcam_motion,webcam_001
2025-12-01T12:07:51.322178,1764590871,1,1.22,2536,125.07,webcam_motion,webcam_001
2025-12-01T12:07:51.387348,1764590871,1,0.98,2031,125.04,webcam_motion,webcam_001
2025-12-01T12:07:51.457478,1764590871,0,0.0,0,125.0,webcam_motion,webcam_001
2025-12-01T12:07:51.520904,1764590871,0,0.0,0,124.97,webcam_motion,webcam_001
2025-12-01T12:07:51.620455,1764590871,1,2.85,5908,124.92,webcam_motion,webcam_001
2025-12-01T12:07:51.692929,1764590871,1,1.78,3694,124.87,webcam_motion,webcam_001
2025-12-01T12:07:51.758579,1764590871,1,0.47,967,124.79,webcam_motion,webcam_001
2025-12-01T12:07:51.825052,1764590871,0,0.0,0,124.69,webcam_motion,webcam_001
2025-12-01T12:07:51.887326,1764590871,1,1.82,3766,124.66,webcam_motion,webcam_001
2025-12-01T12:07:51.990484,1764590871,1,2.77,5753,124.64,webcam_motion,webcam_001
2025-12-01T12:07:52.053699,1764590872,1,0.4,837,124.64,webcam_motion,webcam_001
2025-12-01T12:07:52.121578,1764590872,1,3.17,6567,124.65,webcam_motion,webcam_001
2025-12-01T12:07:52.189638,1764590872,1,1.57,3257,124.65,webcam_motion,webcam_001
2025-12-01T12:07:52.255779,1764590872,1,2.85,5911,124.57,webcam_motion,webcam_001
2025-12-01T12:07:52.430216,1764590872,1,1.1,2287,124.38,webcam_motion,webcam_001
2025-12-01T12:07:52.493408,1764590872,0,0.0,0,124.33,webcam_motion,webcam_001
2025-12-01T12:07:52.555504,1764590872,0,0.0,0,124.28,webcam_motion,webcam_001
2025-12-01T12:07:52.618609,1764590872,0,0.0,0,124.25,webcam_motion,webcam_001
2025-12-01T12:07:52.692039,1764590872,1,0.95,1979,124.23,webcam_motion,webcam_001
2025-12-01T12:07:52.791787,1764590872,1,2.01,4172,124.2,webcam_motion,webcam_001
2025-12-01T12:07:52.857890,1764590872,1,0.67,1398,124.19,webcam_motion,webcam_001
2025-12-01T12:07:52.922652,1764590872,1,1.41,2923,124.19,webcam_motion,webcam_001
2025-12-01T12:07:52.991240,1764590872,1,0.25,509,124.2,webcam_motion,webcam_001
2025-12-01T12:07:53.058352,1764590873,0,0.0,0,124.21,webcam_motion,webcam_001
2025-12-01T12:07:53.159571,1764590873,1,2.66,5511,124.23,webcam_motion,webcam_001
2025-12-01T12:07:53.227734,1764590873,1,2.64,5479,124.25,webcam_motion,webcam_001
2025-12-01T12:07:53.289271,1764590873,1,3.74,7748,124.32,webcam_motion,webcam_001
2025-12-01T12:07:53.357105,1764590873,1,5.81,12056,124.43,webcam_motion,webcam_001
2025-12-01T12:07:53.422524,1764590873,1,4.37,9070,124.48,webcam_motion,webcam_001
2025-12-01T12:07:53.525050,1764590873,1,0.61,1255,124.37,webcam_motion,webcam_001
2025-12-01T12:07:53.588366,1764590873,1,0.9,1862,124.28,webcam_motion,webcam_001
2025-12-01T12:07:53.658298,1764590873,1,1.64,3407,124.21,webcam_motion,webcam_001
2025-12-01T12:07:53.721788,1764590873,1,1.47,3052,124.17,webcam_motion,webcam_001
2025-12-01T12:07:53.788400,1764590873,1,0.94,1939,124.17,webcam_motion,webcam_001
2025-12-01T12:07:53.892892,1764590873,1,2.17,4510,124.19,webcam_motion,webcam_001
2025-12-01T12:07:53.957214,1764590873,1,0.57,1187,124.23,webcam_motion,webcam_001
2025-12-01T12:07:54.021643,1764590874,1,4.85,10062,124.24,webcam_motion,webcam_001
2025-12-01T12:07:54.081829,1764590874,1,6.44,13361,124.23,webcam_motion,webcam_001
2025-12-01T12:07:54.151957,1764590874,1,2.34,4859,124.26,webcam_motion,webcam_001
2025-12-01T12:07:54.258996,1764590874,1,3.88,8040,124.5,webcam_motion,webcam_001
2025-12-01T12:07:54.326430,1764590874,1,2.95,6112,124.73,webcam_motion,webcam_001
2025-12-01T12:07:54.388192,1764590874,1,7.37,15290,125.0,webcam_motion,webcam_001
2025-12-01T12:07:54.455040,1764590874,1,11.82,24515,125.25,webcam_motion,webcam_001
2025-12-01T12:07:54.523830,1764590874,1,11.74,24335,125.41,webcam_motion,webcam_001
2025-12-01T12:07:54.622088,1764590874,1,12.19,25281,125.67,webcam_motion,webcam_001
2025-12-01T12:07:54.688487,1764590874,1,5.84,12101,125.95,webcam_motion,webcam_001
2025-12-01T12:07:54.745287,1764590874,1,3.79,7852,126.16,webcam_motion,webcam_001
2025-12-01T12:07:54.823110,1764590874,1,1.62,3358,126.25,webcam_motion,webcam_001
2025-12-01T12:07:54.883558,1764590874,1,0.48,999,126.31,webcam_motion,webcam_001
2025-12-01T12:07:54.991718,1764590874,1,0.43,894,126.33,webcam_motion,webcam_001
2025-12-01T12:07:55.058462,1764590875,0,0.0,0,126.32,webcam_motion,webcam_001
2025-12-01T12:07:55.124905,1764590875,0,0.0,0,126.3,webcam_motion,webcam_001
2025-12-01T12:07:55.190079,1764590875,0,0.0,0,126.26,webcam_motion,webcam_001
2025-12-01T12:07:55.260719,1764590875,0,0.0,0,126.24,webcam_motion,webcam_001
2025-12-01T12:07:55.356195,1764590875,0,0.0,0,126.2,webcam_motion,webcam_001
2025-12-01T12:07:55.422220,1764590875,0,0.0,0,126.16,webcam_motion,webcam_001
2025-12-01T12:07:55.488381,1764590875,0,0.0,0,126.11,webcam_motion,webcam_001
2025-12-01T12:07:55.557684,1764590875,0,0.0,0,126.09,webcam_motion,webcam_001
2025-12-01T12:07:55.625211,1764590875,0,0.0,0,126.08,webcam_motion,webcam_001
2025-12-01T12:07:55.721496,1764590875,0,0.0,0,126.07,webcam_motion,webcam_001
2025-12-01T12:07:55.791735,1764590875,0,0.0,0,126.06,webcam_motion,webcam_001
2025-12-01T12:07:55.859101,1764590875,0,0.0,0,126.06,webcam_motion,webcam_001
2025-12-01T12:07:55.924610,1764590875,0,0.0,0,126.07,webcam_motion,webcam_001
2025-12-01T12:07:55.982630,1764590875,0,0.0,0,126.06,webcam_motion,webcam_001
2025-12-01T12:07:56.091651,1764590876,0,0.0,0,126.04,webcam_motion,webcam_001
2025-12-01T12:07:56.156882,1764590876,0,0.0,0,126.01,webcam_motion,webcam_001
2025-12-01T12:07:56.220420,1764590876,0,0.0,0,125.97,webcam_motion,webcam_001
2025-12-01T12:07:56.286241,1764590876,0,0.0,0,125.9,webcam_motion,webcam_001
2025-12-01T12:07:56.359173,1764590876,0,0.0,0,125.84,webcam_motion,webcam_001
2025-12-01T12:07:56.457688,1764590876,1,0.4,823,125.7,webcam_motion,webcam_001
2025-12-01T12:07:56.521237,1764590876,0,0.0,0,125.62,webcam_motion,webcam_001
2025-12-01T12:07:56.589651,1764590876,0,0.0,0,125.57,webcam_motion,webcam_001
2025-12-01T12:07:56.654122,1764590876,0,0.0,0,125.51,webcam_motion,webcam_001
2025-12-01T12:07:56.719368,1764590876,0,0.0,0,125.46,webcam_motion,webcam_001
2025-12-01T12:07:56.822778,1764590876,1,0.83,1725,125.37,webcam_motion,webcam_001
2025-12-01T12:07:56.893057,1764590876,1,1.19,2471,125.29,webcam_motion,webcam_001
2025-12-01T12:07:56.955935,1764590876,1,1.07,2224,125.2,webcam_motion,webcam_001
2025-12-01T12:07:57.021060,1764590877,1,1.54,3196,125.14,webcam_motion,webcam_001
2025-12-01T12:07:57.076562,1764590877,1,3.63,7519,125.09,webcam_motion,webcam_001
2025-12-01T12:07:57.186344,1764590877,1,6.06,12558,125.05,webcam_motion,webcam_001
2025-12-01T12:07:57.254239,1764590877,1,5.86,12145,124.98,webcam_motion,webcam_001
2025-12-01T12:07:57.319550,1764590877,1,5.71,11846,124.86,webcam_motion,webcam_001
2025-12-01T12:07:57.388355,1764590877,1,5.07,10503,124.74,webcam_motion,webcam_001
2025-12-01T12:07:57.458515,1764590877,1,5.92,12272,124.68,webcam_motion,webcam_001
2025-12-01T12:07:57.562977,1764590877,1,8.26,17131,124.71,webcam_motion,webcam_001
2025-12-01T12:07:57.624817,1764590877,1,9.86,20445,124.8,webcam_motion,webcam_001
2025-12-01T12:07:57.691782,1764590877,1,10.67,22122,124.83,webcam_motion,webcam_001
2025-12-01T12:07:57.757609,1764590877,1,12.15,25193,124.76,webcam_motion,webcam_001
2025-12-01T12:07:57.821775,1764590877,1,10.51,21793,124.85,webcam_motion,webcam_001
2025-12-01T12:07:57.924508,1764590877,1,13.19,27350,125.05,webcam_motion,webcam_001
2025-12-01T12:07:57.992807,1764590877,1,6.88,14264,125.17,webcam_motion,webcam_001
2025-12-01T12:07:58.057743,1764590878,1,6.31,13083,125.21,webcam_motion,webcam_001
2025-12-01T12:07:58.119134,1764590878,1,6.29,13044,125.48,webcam_motion,webcam_001
2025-12-01T12:07:58.191087,1764590878,1,6.29,13046,125.79,webcam_motion,webcam_001
2025-12-01T12:07:58.292072,1764590878,1,1.73,3579,125.85,webcam_motion,webcam_001
2025-12-01T12:07:58.354501,1764590878,1,4.99,10340,125.74,webcam_motion,webcam_001
2025-12-01T12:07:58.422240,1764590878,1,3.01,6234,125.7,webcam_motion,webcam_001
2025-12-01T12:07:58.491262,1764590878,1,3.92,8136,125.73,webcam_motion,webcam_001
2025-12-01T12:07:58.555041,1764590878,1,1.72,3572,125.82,webcam_motion,webcam_001
2025-12-01T12:07:58.656641,1764590878,1,3.84,7953,125.9,webcam_motion,webcam_001
2025-12-01T12:07:58.725623,1764590878,0,0.0,0,125.92,webcam_motion,webcam_001
2025-12-01T12:07:58.792536,1764590878,0,0.0,0,125.91,webcam_motion,webcam_001
2025-12-01T12:07:58.854814,1764590878,1,0.4,819,125.92,webcam_motion,webcam_001
2025-12-01T12:07:58.919944,1764590878,0,0.0,0,125.9,webcam_motion,webcam_001
2025-12-01T12:07:59.026556,1764590879,1,2.88,5963,125.7,webcam_motion,webcam_001
2025-12-01T12:07:59.091947,1764590879,1,1.78,3691,125.6,webcam_motion,webcam_001
2025-12-01T12:07:59.153882,1764590879,1,1.96,4058,125.55,webcam_motion,webcam_001
2025-12-01T12:07:59.222471,1764590879,1,1.42,2945,125.67,webcam_motion,webcam_001
2025-12-01T12:07:59.287248,1764590879,1,0.69,1427,125.82,webcam_motion,webcam_001
2025-12-01T12:07:59.394816,1764590879,1,2.63,5459,126.13,webcam_motion,webcam_001
2025-12-01T12:07:59.461731,1764590879,1,4.96,10284,125.99,webcam_motion,webcam_001
2025-12-01T12:07:59.524034,1764590879,1,7.04,14588,125.69,webcam_motion,webcam_001
2025-12-01T12:07:59.591592,1764590879,1,5.64,11700,125.62,webcam_motion,webcam_001
2025-12-01T12:07:59.658009,1764590879,1,10.79,22379,125.28,webcam_motion,webcam_001
2025-12-01T12:07:59.761715,1764590879,1,21.84,45294,125.37,webcam_motion,webcam_001
2025-12-01T12:07:59.829367,1764590879,1,11.4,23646,125.5,webcam_motion,webcam_001
2025-12-01T12:07:59.893965,1764590879,1,7.3,15137,125.63,webcam_motion,webcam_001
2025-12-01T12:07:59.960898,1764590879,1,10.55,21871,126.09,webcam_motion,webcam_001
2025-12-01T12:08:00.024275,1764590880,1,7.08,14683,126.53,webcam_motion,webcam_001
2025-12-01T12:08:00.123954,1764590880,1,2.05,4242,126.59,webcam_motion,webcam_001
2025-12-01T12:08:00.192766,1764590880,1,0.33,686,126.56,webcam_motion,webcam_001
2025-12-01T12:08:00.260524,1764590880,1,0.42,871,126.53,webcam_motion,webcam_001
2025-12-01T12:08:00.326899,1764590880,1,0.3,614,126.5,webcam_motion,webcam_001
2025-12-01T12:08:00.386144,1764590880,1,0.82,1709,126.48,webcam_motion,webcam_001
2025-12-01T12:08:00.487588,1764590880,1,0.81,1684,126.42,webcam_motion,webcam_001
2025-12-01T12:08:00.559513,1764590880,0,0.0,0,126.37,webcam_motion,webcam_001
2025-12-01T12:08:00.625699,1764590880,0,0.0,0,126.33,webcam_motion,webcam_001
2025-12-01T12:08:00.688408,1764590880,0,0.0,0,126.29,webcam_motion,webcam_001
2025-12-01T12:08:00.759154,1764590880,0,0.0,0,126.26,webcam_motion,webcam_001
2025-12-01T12:08:00.860929,1764590880,0,0.0,0,126.22,webcam_motion,webcam_001
2025-12-01T12:08:00.926142,1764590880,0,0.0,0,126.21,webcam_motion,webcam_001
2025-12-01T12:08:00.991142,1764590880,0,0.0,0,126.2,webcam_motion,webcam_001
2025-12-01T12:08:01.059596,1764590881,0,0.0,0,126.17,webcam_motion,webcam_001
2025-12-01T12:08:01.122485,1764590881,0,0.0,0,126.14,webcam_motion,webcam_001
2025-12-01T12:08:01.224454,1764590881,0,0.0,0,126.09,webcam_motion,webcam_001
2025-12-01T12:08:01.295591,1764590881,0,0.0,0,126.06,webcam_motion,webcam_001
2025-12-01T12:08:01.360680,1764590881,0,0.0,0,126.02,webcam_motion,webcam_001
2025-12-01T12:08:01.422632,1764590881,0,0.0,0,125.99,webcam_motion,webcam_001
2025-12-01T12:08:01.487912,1764590881,1,0.31,637,125.97,webcam_motion,webcam_001
2025-12-01T12:08:01.591679,1764590881,0,0.0,0,126.0,webcam_motion,webcam_001
2025-12-01T12:08:01.659167,1764590881,0,0.0,0,126.02,webcam_motion,webcam_001
2025-12-01T12:08:01.727893,1764590881,0,0.0,0,126.02,webcam_motion,webcam_001
2025-12-01T12:08:01.791386,1764590881,0,0.0,0,126.02,webcam_motion,webcam_001
2025-12-01T12:08:01.859430,1764590881,0,0.0,0,126.01,webcam_motion,webcam_001
2025-12-01T12:08:01.962852,1764590881,0,0.0,0,125.95,webcam_motion,webcam_001
2025-12-01T12:08:02.023372,1764590882,0,0.0,0,125.91,webcam_motion,webcam_001
2025-12-01T12:08:02.090593,1764590882,0,0.0,0,125.87,webcam_motion,webcam_001
2025-12-01T12:08:02.159538,1764590882,0,0.0,0,125.86,webcam_motion,webcam_001
2025-12-01T12:08:02.222885,1764590882,0,0.0,0,125.81,webcam_motion,webcam_001
2025-12-01T12:08:02.318439,1764590882,0,0.0,0,125.77,webcam_motion,webcam_001
2025-12-01T12:08:02.380718,1764590882,0,0.0,0,125.73,webcam_motion,webcam_001
2025-12-01T12:08:02.458340,1764590882,0,0.0,0,125.7,webcam_motion,webcam_001
2025-12-01T12:08:02.523134,1764590882,0,0.0,0,125.68,webcam_motion,webcam_001
2025-12-01T12:08:02.588223,1764590882,0,0.0,0,125.66,webcam_motion,webcam_001
2025-12-01T12:08:02.694198,1764590882,0,0.0,0,125.61,webcam_motion,webcam_001
2025-12-01T12:08:02.758588,1764590882,0,0.0,0,125.6,webcam_motion,webcam_001
2025-12-01T12:08:02.824192,1764590882,0,0.0,0,125.59,webcam_motion,webcam_001
2025-12-01T12:08:02.893314,1764590882,0,0.0,0,125.59,webcam_motion,webcam_001
2025-12-01T12:08:02.956925,1764590882,0,0.0,0,125.62,webcam_motion,webcam_001
2025-12-01T12:08:03.057887,1764590883,0,0.0,0,125.65,webcam_motion,webcam_001
2025-12-01T12:08:03.125916,1764590883,0,0.0,0,125.68,webcam_motion,webcam_001
2025-12-01T12:08:03.190007,1764590883,0,0.0,0,125.71,webcam_motion,webcam_001
2025-12-01T12:08:03.258562,1764590883,0,0.0,0,125.74,webcam_motion,webcam_001
2025-12-01T12:08:03.326891,1764590883,0,0.0,0,125.77,webcam_motion,webcam_001
2025-12-01T12:08:03.420846,1764590883,0,0.0,0,125.8,webcam_motion,webcam_001
2025-12-01T12:08:03.489877,1764590883,0,0.0,0,125.83,webcam_motion,webcam_001
2025-12-01T12:08:03.560328,1764590883,0,0.0,0,125.88,webcam_motion,webcam_001
2025-12-01T12:08:03.622489,1764590883,0,0.0,0,125.94,webcam_motion,webcam_001
2025-12-01T12:08:03.688683,1764590883,0,0.0,0,125.98,webcam_motion,webcam_001
2025-12-01T12:08:03.794314,1764590883,1,0.3,629,126.01,webcam_motion,webcam_001
2025-12-01T12:08:03.856019,1764590883,0,0.0,0,126.04,webcam_motion,webcam_001
2025-12-01T12:08:03.924489,1764590883,0,0.0,0,126.06,webcam_motion,webcam_001
2025-12-01T12:08:03.989566,1764590883,0,0.0,0,126.07,webcam_motion,webcam_001
2025-12-01T12:08:04.058308,1764590884,0,0.0,0,126.05,webcam_motion,webcam_001
2025-12-01T12:08:04.157529,1764590884,0,0.0,0,125.98,webcam_motion,webcam_001
2025-12-01T12:08:04.229660,1764590884,0,0.0,0,125.93,webcam_motion,webcam_001
2025-12-01T12:08:04.293895,1764590884,0,0.0,0,125.84,webcam_motion,webcam_001
2025-12-01T12:08:04.359323,1764590884,0,0.0,0,125.77,webcam_motion,webcam_001
2025-12-01T12:08:04.412369,1764590884,0,0.0,0,125.68,webcam_motion,webcam_001
2025-12-01T12:08:04.522805,1764590884,0,0.0,0,125.59,webcam_motion,webcam_001
2025-12-01T12:08:04.589099,1764590884,0,0.0,0,125.53,webcam_motion,webcam_001
2025-12-01T12:08:04.658508,1764590884,0,0.0,0,125.47,webcam_motion,webcam_001
2025-12-01T12:08:04.726645,1764590884,0,0.0,0,125.4,webcam_motion,webcam_001
2025-12-01T12:08:04.789271,1764590884,0,0.0,0,125.32,webcam_motion,webcam_001
2025-12-01T12:08:04.896619,1764590884,0,0.0,0,125.23,webcam_motion,webcam_001
2025-12-01T12:08:04.956749,1764590884,0,0.0,0,125.18,webcam_motion,webcam_001
2025-12-01T12:08:05.024030,1764590885,0,0.0,0,125.13,webcam_motion,webcam_001
2025-12-01T12:08:05.089251,1764590885,0,0.0,0,125.1,webcam_motion,webcam_001
2025-12-01T12:08:05.155552,1764590885,0,0.0,0,125.09,webcam_motion,webcam_001
2025-12-01T12:08:05.256145,1764590885,0,0.0,0,125.06,webcam_motion,webcam_001
2025-12-01T12:08:05.323480,1764590885,0,0.0,0,125.05,webcam_motion,webcam_001
2025-12-01T12:08:05.392786,1764590885,0,0.0,0,125.08,webcam_motion,webcam_001
2025-12-01T12:08:05.457052,1764590885,1,0.92,1916,125.14,webcam_motion,webcam_001
2025-12-01T12:08:05.524963,1764590885,0,0.0,0,125.16,webcam_motion,webcam_001
2025-12-01T12:08:05.630683,1764590885,0,0.0,0,125.15,webcam_motion,webcam_001
2025-12-01T12:08:05.693058,1764590885,0,0.0,0,125.12,webcam_motion,webcam_001
2025-12-01T12:08:05.753482,1764590885,0,0.0,0,125.08,webcam_motion,webcam_001
2025-12-01T12:08:05.822229,1764590885,0,0.0,0,125.03,webcam_motion,webcam_001
2025-12-01T12:08:05.886240,1764590885,0,0.0,0,125.02,webcam_motion,webcam_001
2025-12-01T12:08:05.989419,1764590885,0,0.0,0,125.02,webcam_motion,webcam_001
2025-12-01T12:08:06.062281,1764590886,0,0.0,0,125.01,webcam_motion,webcam_001
2025-12-01T12:08:06.128912,1764590886,0,0.0,0,125.0,webcam_motion,webcam_001
2025-12-01T12:08:06.192660,1764590886,0,0.0,0,125.0,webcam_motion,webcam_001
2025-12-01T12:08:06.259363,1764590886,0,0.0,0,125.02,webcam_motion,webcam_001
2025-12-01T12:08:06.358885,1764590886,0,0.0,0,125.04,webcam_motion,webcam_001
2025-12-01T12:08:06.428592,1764590886,0,0.0,0,125.03,webcam_motion,webcam_001
2025-12-01T12:08:06.493540,1764590886,0,0.0,0,125.01,webcam_motion,webcam_001
2025-12-01T12:08:06.561169,1764590886,0,0.0,0,124.97,webcam_motion,webcam_001
2025-12-01T12:08:06.625444,1764590886,0,0.0,0,124.94,webcam_motion,webcam_001
2025-12-01T12:08:06.729242,1764590886,1,7.62,15797,124.97,webcam_motion,webcam_001
2025-12-01T12:08:06.792940,1764590886,1,14.78,30643,125.18,webcam_motion,webcam_001
2025-12-01T12:08:06.860697,1764590886,1,25.96,53829,125.48,webcam_motion,webcam_001
2025-12-01T12:08:06.926544,1764590886,1,28.15,58364,125.28,webcam_motion,webcam_001
2025-12-01T12:08:06.997256,1764590886,1,19.2,39820,124.72,webcam_motion,webcam_001
2025-12-01T12:08:07.166589,1764590887,1,27.21,56420,124.66,webcam_motion,webcam_001
2025-12-01T12:08:07.230219,1764590887,1,7.67,15900,124.61,webcam_motion,webcam_001
2025-12-01T12:08:07.292891,1764590887,1,8.7,18041,124.52,webcam_motion,webcam_001
2025-12-01T12:08:07.359132,1764590887,1,15.8,32765,124.28,webcam_motion,webcam_001
2025-12-01T12:08:07.425443,1764590887,1,23.79,49330,123.97,webcam_motion,webcam_001
2025-12-01T12:08:07.520685,1764590887,1,53.38,110687,123.52,webcam_motion,webcam_001
2025-12-01T12:08:07.592166,1764590887,1,46.26,95918,123.24,webcam_motion,webcam_001
2025-12-01T12:08:07.659321,1764590887,1,53.9,111775,123.03,webcam_motion,webcam_001
2025-12-01T12:08:07.717881,1764590887,1,62.04,128638,122.9,webcam_motion,webcam_001
2025-12-01T12:08:07.788667,1764590887,1,68.83,142723,122.79,webcam_motion,webcam_001
2025-12-01T12:08:07.895117,1764590887,1,100,277234,122.63,webcam_motion,webcam_001
2025-12-01T12:08:07.960165,1764590887,1,100,319085,124.74,webcam_motion,webcam_001
2025-12-01T12:08:08.019259,1764590888,1,100,565094,133.51,webcam_motion,webcam_001
2025-12-01T12:08:08.091517,1764590888,1,100,845707,145.84,webcam_motion,webcam_001
2025-12-01T12:08:08.157765,1764590888,1,100,1108188,146.05,webcam_motion,webcam_001
2025-12-01T12:08:08.258429,1764590888,1,100,881222,142.37,webcam_motion,webcam_001
2025-12-01T12:08:08.321762,1764590888,1,100,1037354,134.66,webcam_motion,webcam_001
2025-12-01T12:08:08.391758,1764590888,1,100,707132,118.83,webcam_motion,webcam_001
2025-12-01T12:08:08.458089,1764590888,1,100,372858,115.21,webcam_motion,webcam_001
2025-12-01T12:08:08.524591,1764590888,1,100,300987,114.16,webcam_motion,webcam_001
2025-12-01T12:08:08.627847,1764590888,1,100,324367,115.67,webcam_motion,webcam_001
2025-12-01T12:08:08.694754,1764590888,1,100,226134,119.5,webcam_motion,webcam_001
2025-12-01T12:08:08.760761,1764590888,1,100,348729,125.32,webcam_motion,webcam_001
2025-12-01T12:08:08.824485,1764590888,1,100,385105,130.93,webcam_motion,webcam_001
2025-12-01T12:08:08.892915,1764590888,1,100,369146,133.13,webcam_motion,webcam_001
2025-12-01T12:08:08.989562,1764590888,1,100,368671,130.32,webcam_motion,webcam_001
2025-12-01T12:08:09.057715,1764590889,1,84.26,174721,127.87,webcam_motion,webcam_001
2025-12-01T12:08:09.126119,1764590889,1,65.33,135459,128.92,webcam_motion,webcam_001
2025-12-01T12:08:09.194605,1764590889,1,56.89,117960,129.28,webcam_motion,webcam_001
2025-12-01T12:08:09.257482,1764590889,1,34.07,70645,129.15,webcam_motion,webcam_001
2025-12-01T12:08:09.361310,1764590889,1,33.61,69699,128.93,webcam_motion,webcam_001
2025-12-01T12:08:09.425958,1764590889,1,17.03,35313,128.53,webcam_motion,webcam_001
2025-12-01T12:08:09.489878,1764590889,1,12.94,26825,128.03,webcam_motion,webcam_001
2025-12-01T12:08:09.556702,1764590889,1,8.49,17601,127.42,webcam_motion,webcam_001
2025-12-01T12:08:09.621913,1764590889,1,5.15,10684,126.8,webcam_motion,webcam_001
2025-12-01T12:08:09.719495,1764590889,1,5.76,11937,126.1,webcam_motion,webcam_001
2025-12-01T12:08:09.790061,1764590889,1,0.93,1924,125.75,webcam_motion,webcam_001
2025-12-01T12:08:09.855345,1764590889,0,0.0,0,125.41,webcam_motion,webcam_001
2025-12-01T12:08:09.924161,1764590889,0,0.0,0,125.02,webcam_motion,webcam_001
2025-12-01T12:08:09.993270,1764590889,0,0.0,0,124.57,webcam_motion,webcam_001
2025-12-01T12:08:10.095780,1764590890,1,3.55,7360,123.85,webcam_motion,webcam_001
2025-12-01T12:08:10.154258,1764590890,1,2.15,4450,123.39,webcam_motion,webcam_001
2025-12-01T12:08:10.221294,1764590890,1,3.73,7739,123.05,webcam_motion,webcam_001
2025-12-01T12:08:10.293236,1764590890,1,7.23,14989,122.82,webcam_motion,webcam_001
2025-12-01T12:08:10.357424,1764590890,1,14.93,30957,122.06,webcam_motion,webcam_001
2025-12-01T12:08:10.457711,1764590890,1,63.79,132277,119.59,webcam_motion,webcam_001
2025-12-01T12:08:10.524123,1764590890,1,57.37,118955,120.13,webcam_motion,webcam_001
2025-12-01T12:08:10.592127,1764590890,1,92.67,192161,119.19,webcam_motion,webcam_001
2025-12-01T12:08:10.655525,1764590890,1,100,224124,118.75,webcam_motion,webcam_001
2025-12-01T12:08:10.722825,1764590890,1,100,267420,121.37,webcam_motion,webcam_001
2025-12-01T12:08:10.828505,1764590890,1,100,302830,125.59,webcam_motion,webcam_001
2025-12-01T12:08:10.896521,1764590890,1,100,339539,124.79,webcam_motion,webcam_001
2025-12-01T12:08:10.961321,1764590890,1,100,348259,123.12,webcam_motion,webcam_001
2025-12-01T12:08:11.027578,1764590891,1,100,307826,121.55,webcam_motion,webcam_001
2025-12-01T12:08:11.090047,1764590891,1,100,302743,120.79,webcam_motion,webcam_001
2025-12-01T12:08:11.194264,1764590891,1,100,327658,121.16,webcam_motion,webcam_001
2025-12-01T12:08:11.262614,1764590891,1,100,298091,122.76,webcam_motion,webcam_001
2025-12-01T12:08:11.327988,1764590891,1,100,430640,122.27,webcam_motion,webcam_001
2025-12-01T12:08:11.391785,1764590891,1,100,392591,121.67,webcam_motion,webcam_001
2025-12-01T12:08:11.459496,1764590891,1,100,295899,121.6,webcam_motion,webcam_001
2025-12-01T12:08:11.554120,1764590891,1,100,561449,120.64,webcam_motion,webcam_001
2025-12-01T12:08:11.623826,1764590891,1,100,437723,120.89,webcam_motion,webcam_001
2025-12-01T12:08:11.692103,1764590891,1,100,405669,119.84,webcam_motion,webcam_001
2025-12-01T12:08:11.756263,1764590891,1,100,385764,118.47,webcam_motion,webcam_001
2025-12-01T12:08:11.812560,1764590891,1,100,393869,118.59,webcam_motion,webcam_001
2025-12-01T12:08:11.922781,1764590891,1,100,390466,118.36,webcam_motion,webcam_001
2025-12-01T12:08:11.985957,1764590891,1,83.77,173707,118.69,webcam_motion,webcam_001
2025-12-01T12:08:12.059601,1764590892,1,82.15,170345,120.66,webcam_motion,webcam_001
2025-12-01T12:08:12.127235,1764590892,1,74.88,155278,122.58,webcam_motion,webcam_001
2025-12-01T12:08:12.186641,1764590892,1,44.24,91730,123.77,webcam_motion,webcam_001
2025-12-01T12:08:12.294666,1764590892,1,77.86,161454,125.76,webcam_motion,webcam_001
2025-12-01T12:08:12.361413,1764590892,1,70.55,146299,126.97,webcam_motion,webcam_001
2025-12-01T12:08:12.423413,1764590892,1,32.68,67765,127.47,webcam_motion,webcam_001
2025-12-01T12:08:12.489540,1764590892,1,46.37,96145,128.03,webcam_motion,webcam_001
2025-12-01T12:08:12.559720,1764590892,1,32.83,68066,128.42,webcam_motion,webcam_001
2025-12-01T12:08:12.662435,1764590892,1,41.28,85601,128.86,webcam_motion,webcam_001
2025-12-01T12:08:12.728342,1764590892,1,30.29,62807,129.29,webcam_motion,webcam_001
2025-12-01T12:08:12.789498,1764590892,1,46.63,96697,129.25,webcam_motion,webcam_001
2025-12-01T12:08:12.858543,1764590892,1,40.85,84709,128.65,webcam_motion,webcam_001
2025-12-01T12:08:12.922568,1764590892,1,17.17,35601,128.5,webcam_motion,webcam_001
2025-12-01T12:08:13.031479,1764590893,1,27.8,57644,128.49,webcam_motion,webcam_001
2025-12-01T12:08:13.096587,1764590893,1,16.3,33800,128.4,webcam_motion,webcam_001
2025-12-01T12:08:13.160309,1764590893,0,0.0,0,128.31,webcam_motion,webcam_001
2025-12-01T12:08:13.223931,1764590893,1,11.1,23025,128.19,webcam_motion,webcam_001
2025-12-01T12:08:13.289613,1764590893,1,18.43,38216,128.14,webcam_motion,webcam_001
2025-12-01T12:08:13.396533,1764590893,1,31.62,65577,127.77,webcam_motion,webcam_001
2025-12-01T12:08:13.460578,1764590893,1,25.59,53069,127.77,webcam_motion,webcam_001
2025-12-01T12:08:13.523103,1764590893,1,13.64,28280,127.96,webcam_motion,webcam_001
2025-12-01T12:08:13.591697,1764590893,1,34.09,70688,128.14,webcam_motion,webcam_001
2025-12-01T12:08:13.661169,1764590893,1,35.27,73138,128.22,webcam_motion,webcam_001
2025-12-01T12:08:13.763538,1764590893,1,0.86,1793,128.59,webcam_motion,webcam_001
2025-12-01T12:08:13.823205,1764590893,1,6.15,12752,128.72,webcam_motion,webcam_001
2025-12-01T12:08:13.891930,1764590893,0,0.0,0,128.79,webcam_motion,webcam_001
2025-12-01T12:08:13.960060,1764590893,1,0.83,1727,128.9,webcam_motion,webcam_001
2025-12-01T12:08:14.019404,1764590894,0,0.0,0,128.96,webcam_motion,webcam_001
2025-12-01T12:08:14.123969,1764590894,1,0.64,1322,129.04,webcam_motion,webcam_001
2025-12-01T12:08:14.192764,1764590894,1,100,1073568,170.33,webcam_motion,webcam_001
2025-12-01T12:08:14.258570,1764590894,1,0.84,1743,165.04,webcam_motion,webcam_001
2025-12-01T12:08:14.325371,1764590894,1,1.77,3669,157.44,webcam_motion,webcam_001
2025-12-01T12:08:14.390315,1764590894,1,1.68,3485,149.98,webcam_motion,webcam_001
2025-12-01T12:08:14.495830,1764590894,1,100,311207,136.91,webcam_motion,webcam_001
2025-12-01T12:08:14.562327,1764590894,1,5.5,11403,131.22,webcam_motion,webcam_001
2025-12-01T12:08:14.624457,1764590894,1,1.3,2695,127.7,webcam_motion,webcam_001
2025-12-01T12:08:14.693808,1764590894,1,0.4,835,125.5,webcam_motion,webcam_001
2025-12-01T12:08:14.755652,1764590894,0,0.0,0,124.16,webcam_motion,webcam_001
2025-12-01T12:08:14.862152,1764590894,1,1.91,3950,123.47,webcam_motion,webcam_001
2025-12-01T12:08:14.920632,1764590894,1,1.75,3622,124.38,webcam_motion,webcam_001
2025-12-01T12:08:14.989491,1764590894,1,6.42,13318,125.86,webcam_motion,webcam_001
2025-12-01T12:08:15.058894,1764590895,1,3.51,7271,126.17,webcam_motion,webcam_001
2025-12-01T12:08:15.122733,1764590895,1,4.14,8589,124.99,webcam_motion,webcam_001
2025-12-01T12:08:15.224648,1764590895,1,50.32,104353,119.81,webcam_motion,webcam_001
2025-12-01T12:08:15.295940,1764590895,1,11.66,24186,117.62,webcam_motion,webcam_001
2025-12-01T12:08:15.359320,1764590895,1,11.87,24618,116.11,webcam_motion,webcam_001
2025-12-01T12:08:15.427341,1764590895,1,12.34,25584,115.12,webcam_motion,webcam_001
2025-12-01T12:08:15.494937,1764590895,1,12.83,26598,114.58,webcam_motion,webcam_001
2025-12-01T12:08:15.596037,1764590895,1,14.77,30628,114.81,webcam_motion,webcam_001
2025-12-01T12:08:15.662366,1764590895,1,2.58,5352,115.16,webcam_motion,webcam_001
2025-12-01T12:08:15.727174,1764590895,1,1.71,3543,115.99,webcam_motion,webcam_001
2025-12-01T12:08:15.794461,1764590895,1,5.58,11568,116.54,webcam_motion,webcam_001
2025-12-01T12:08:15.858533,1764590895,1,5.93,12299,117.44,webcam_motion,webcam_001
2025-12-01T12:08:15.958064,1764590895,1,9.37,19424,119.68,webcam_motion,webcam_001
2025-12-01T12:08:16.026483,1764590896,1,10.79,22372,122.52,webcam_motion,webcam_001
2025-12-01T12:08:16.094407,1764590896,1,21.6,44782,125.48,webcam_motion,webcam_001
2025-12-01T12:08:16.158992,1764590896,1,23.37,48453,127.42,webcam_motion,webcam_001
2025-12-01T12:08:16.223780,1764590896,1,22.44,46539,128.58,webcam_motion,webcam_001
2025-12-01T12:08:16.327503,1764590896,1,21.81,45231,129.0,webcam_motion,webcam_001
2025-12-01T12:08:16.394631,1764590896,1,3.22,6680,128.61,webcam_motion,webcam_001
2025-12-01T12:08:16.460596,1764590896,1,4.16,8618,127.7,webcam_motion,webcam_001
2025-12-01T12:08:16.521468,1764590896,1,5.68,11780,126.55,webcam_motion,webcam_001
2025-12-01T12:08:16.587450,1764590896,1,5.03,10434,125.48,webcam_motion,webcam_001
2025-12-01T12:08:16.682328,1764590896,1,9.29,19270,124.31,webcam_motion,webcam_001
2025-12-01T12:08:16.754264,1764590896,1,6.65,13780,123.88,webcam_motion,webcam_001
2025-12-01T12:08:16.823956,1764590896,1,8.93,18526,123.52,webcam_motion,webcam_001
2025-12-01T12:08:16.892464,1764590896,1,7.35,15234,123.09,webcam_motion,webcam_001
2025-12-01T12:08:16.959394,1764590896,1,9.81,20332,122.7,webcam_motion,webcam_001
2025-12-01T12:08:17.063571,1764590897,1,8.26,17134,122.59,webcam_motion,webcam_001
2025-12-01T12:08:17.128194,1764590897,1,1.43,2967,122.51,webcam_motion,webcam_001
2025-12-01T12:08:17.195859,1764590897,1,0.44,916,122.38,webcam_motion,webcam_001
2025-12-01T12:08:17.255641,1764590897,1,0.86,1775,121.92,webcam_motion,webcam_001
2025-12-01T12:08:17.325088,1764590897,1,100,933439,85.06,webcam_motion,webcam_001
2025-12-01T12:08:17.426373,1764590897,1,56.36,116867,94.96,webcam_motion,webcam_001
2025-12-01T12:08:17.495021,1764590897,1,25.28,52419,100.57,webcam_motion,webcam_001
2025-12-01T12:08:17.564037,1764590897,1,33.58,69630,105.28,webcam_motion,webcam_001
2025-12-01T12:08:17.628013,1764590897,1,17.16,35578,109.22,webcam_motion,webcam_001
2025-12-01T12:08:17.693188,1764590897,1,10.0,20726,112.51,webcam_motion,webcam_001
2025-12-01T12:08:17.799468,1764590897,1,19.92,41309,116.03,webcam_motion,webcam_001
2025-12-01T12:08:17.865323,1764590897,1,20.05,41571,118.01,webcam_motion,webcam_001
2025-12-01T12:08:17.931236,1764590897,1,20.21,41907,119.43,webcam_motion,webcam_001
2025-12-01T12:08:17.993671,1764590897,1,7.42,15381,120.54,webcam_motion,webcam_001
2025-12-01T12:08:18.061194,1764590898,1,6.85,14198,121.46,webcam_motion,webcam_001
2025-12-01T12:08:18.163007,1764590898,1,11.31,23446,122.76,webcam_motion,webcam_001
2025-12-01T12:08:18.228951,1764590898,1,6.1,12642,123.43,webcam_motion,webcam_001
2025-12-01T12:08:18.294980,1764590898,1,10.06,20860,123.85,webcam_motion,webcam_001
2025-12-01T12:08:18.361724,1764590898,1,11.14,23102,124.16,webcam_motion,webcam_001
2025-12-01T12:08:18.429089,1764590898,1,9.67,20062,124.47,webcam_motion,webcam_001
2025-12-01T12:08:18.529796,1764590898,1,20.88,43302,125.11,webcam_motion,webcam_001
2025-12-01T12:08:18.594156,1764590898,1,12.26,25431,125.41,webcam_motion,webcam_001
2025-12-01T12:08:18.662859,1764590898,1,4.06,8422,125.64,webcam_motion,webcam_001
2025-12-01T12:08:18.728208,1764590898,1,9.81,20338,125.72,webcam_motion,webcam_001
2025-12-01T12:08:18.794604,1764590898,1,3.8,7880,125.6,webcam_motion,webcam_001
2025-12-01T12:08:18.896928,1764590898,1,16.96,35173,125.74,webcam_motion,webcam_001
2025-12-01T12:08:18.961957,1764590898,1,3.53,7312,125.67,webcam_motion,webcam_001
2025-12-01T12:08:19.026089,1764590899,1,10.07,20871,125.44,webcam_motion,webcam_001
2025-12-01T12:08:19.090011,1764590899,1,3.83,7935,125.37,webcam_motion,webcam_001
2025-12-01T12:08:19.147879,1764590899,1,10.08,20902,125.24,webcam_motion,webcam_001
2025-12-01T12:08:19.256555,1764590899,1,16.63,34475,125.17,webcam_motion,webcam_001
2025-12-01T12:08:19.323082,1764590899,1,11.58,24014,125.13,webcam_motion,webcam_001
2025-12-01T12:08:19.390392,1764590899,1,8.01,16603,125.17,webcam_motion,webcam_001
2025-12-01T12:08:19.460528,1764590899,1,3.81,7905,125.18,webcam_motion,webcam_001
2025-12-01T12:08:19.525890,1764590899,1,5.24,10868,125.25,webcam_motion,webcam_001
2025-12-01T12:08:19.625699,1764590899,1,13.23,27444,125.39,webcam_motion,webcam_001
2025-12-01T12:08:19.680155,1764590899,1,5.1,10565,125.45,webcam_motion,webcam_001
2025-12-01T12:08:19.756943,1764590899,1,0.63,1307,125.45,webcam_motion,webcam_001
2025-12-01T12:08:19.824709,1764590899,0,0.0,0,125.46,webcam_motion,webcam_001
2025-12-01T12:08:19.894862,1764590899,1,1.45,3006,125.51,webcam_motion,webcam_001
2025-12-01T12:08:19.990768,1764590899,1,1.89,3911,125.51,webcam_motion,webcam_001
2025-12-01T12:08:20.061798,1764590900,1,1.05,2168,125.48,webcam_motion,webcam_001
2025-12-01T12:08:20.130307,1764590900,1,8.37,17346,125.41,webcam_motion,webcam_001
2025-12-01T12:08:20.197856,1764590900,1,18.63,38632,125.35,webcam_motion,webcam_001
2025-12-01T12:08:20.264392,1764590900,1,20.72,42972,125.34,webcam_motion,webcam_001
2025-12-01T12:08:20.358611,1764590900,1,18.82,39020,125.33,webcam_motion,webcam_001
2025-12-01T12:08:20.427036,1764590900,1,8.69,18022,125.37,webcam_motion,webcam_001
2025-12-01T12:08:20.497198,1764590900,1,10.33,21416,125.35,webcam_motion,webcam_001
2025-12-01T12:08:20.560135,1764590900,1,1.48,3071,125.28,webcam_motion,webcam_001
2025-12-01T12:08:20.624796,1764590900,1,0.76,1568,125.13,webcam_motion,webcam_001
2025-12-01T12:08:20.731567,1764590900,1,20.11,41702,125.12,webcam_motion,webcam_001
2025-12-01T12:08:20.794855,1764590900,1,40.42,83820,125.42,webcam_motion,webcam_001
2025-12-01T12:08:20.858981,1764590900,1,45.8,94971,125.62,webcam_motion,webcam_001
2025-12-01T12:08:20.930120,1764590900,1,38.32,79467,125.89,webcam_motion,webcam_001
2025-12-01T12:08:20.998041,1764590900,1,31.56,65435,126.24,webcam_motion,webcam_001
2025-12-01T12:08:21.097760,1764590901,1,34.08,70673,126.27,webcam_motion,webcam_001
2025-12-01T12:08:21.160628,1764590901,1,21.69,44971,126.24,webcam_motion,webcam_001
2025-12-01T12:08:21.224252,1764590901,1,36.17,74995,126.12,webcam_motion,webcam_001
2025-12-01T12:08:21.292285,1764590901,1,38.34,79493,125.89,webcam_motion,webcam_001
2025-12-01T12:08:21.360312,1764590901,1,56.41,116979,125.48,webcam_motion,webcam_001
2025-12-01T12:08:21.454474,1764590901,1,85.45,177183,126.09,webcam_motion,webcam_001
2025-12-01T12:08:21.516992,1764590901,1,60.29,125019,126.21,webcam_motion,webcam_001
2025-12-01T12:08:21.590433,1764590901,1,74.65,154797,126.64,webcam_motion,webcam_001
2025-12-01T12:08:21.658864,1764590901,1,83.64,173439,127.42,webcam_motion,webcam_001
2025-12-01T12:08:21.727115,1764590901,1,90.57,187797,128.69,webcam_motion,webcam_001
2025-12-01T12:08:21.831047,1764590901,1,66.65,138215,129.7,webcam_motion,webcam_001
2025-12-01T12:08:21.895543,1764590901,1,56.25,116645,128.64,webcam_motion,webcam_001
2025-12-01T12:08:21.961278,1764590901,1,44.51,92299,127.55,webcam_motion,webcam_001
2025-12-01T12:08:22.029143,1764590902,1,47.14,97758,127.75,webcam_motion,webcam_001
2025-12-01T12:08:22.094516,1764590902,1,48.8,101185,128.19,webcam_motion,webcam_001
2025-12-01T12:08:22.198548,1764590902,1,66.79,138497,127.8,webcam_motion,webcam_001
2025-12-01T12:08:22.260899,1764590902,1,62.21,128989,127.44,webcam_motion,webcam_001
2025-12-01T12:08:22.325550,1764590902,1,66.62,138135,126.95,webcam_motion,webcam_001
2025-12-01T12:08:22.393747,1764590902,1,84.04,174261,125.55,webcam_motion,webcam_001
2025-12-01T12:08:22.458443,1764590902,1,87.92,182311,124.63,webcam_motion,webcam_001
2025-12-01T12:08:22.558547,1764590902,1,94.65,196264,123.52,webcam_motion,webcam_001
2025-12-01T12:08:22.628574,1764590902,1,69.45,144005,122.8,webcam_motion,webcam_001
2025-12-01T12:08:22.685398,1764590902,1,65.02,134817,122.3,webcam_motion,webcam_001
2025-12-01T12:08:22.757091,1764590902,1,55.22,114499,121.8,webcam_motion,webcam_001
2025-12-01T12:08:22.829999,1764590902,1,45.63,94623,121.39,webcam_motion,webcam_001
2025-12-01T12:08:22.918624,1764590902,1,50.09,103875,120.92,webcam_motion,webcam_001
2025-12-01T12:08:22.987257,1764590902,1,28.14,58359,120.69,webcam_motion,webcam_001
2025-12-01T12:08:23.058171,1764590903,1,22.28,46210,120.6,webcam_motion,webcam_001
2025-12-01T12:08:23.127217,1764590903,1,19.91,41278,120.43,webcam_motion,webcam_001
2025-12-01T12:08:23.191095,1764590903,1,18.55,38457,120.07,webcam_motion,webcam_001
2025-12-01T12:08:23.296125,1764590903,1,37.82,78422,119.71,webcam_motion,webcam_001
2025-12-01T12:08:23.363424,1764590903,1,25.63,53138,119.54,webcam_motion,webcam_001
2025-12-01T12:08:23.428114,1764590903,1,30.55,63347,119.19,webcam_motion,webcam_001
2025-12-01T12:08:23.490845,1764590903,1,29.65,61488,118.92,webcam_motion,webcam_001
2025-12-01T12:08:23.552408,1764590903,1,27.21,56424,118.81,webcam_motion,webcam_001
2025-12-01T12:08:23.656473,1764590903,1,37.74,78253,118.74,webcam_motion,webcam_001
2025-12-01T12:08:23.716754,1764590903,1,26.62,55190,118.52,webcam_motion,webcam_001
2025-12-01T12:08:23.787349,1764590903,1,34.61,71770,118.03,webcam_motion,webcam_001
2025-12-01T12:08:23.855362,1764590903,1,62.47,129543,117.08,webcam_motion,webcam_001
2025-12-01T12:08:23.921577,1764590903,1,66.75,138415,115.75,webcam_motion,webcam_001
2025-12-01T12:08:24.026688,1764590904,1,86.89,180184,113.69,webcam_motion,webcam_001
2025-12-01T12:08:24.092929,1764590904,1,74.48,154448,113.19,webcam_motion,webcam_001
2025-12-01T12:08:24.162150,1764590904,1,80.89,167741,113.54,webcam_motion,webcam_001
2025-12-01T12:08:24.230340,1764590904,1,71.4,148063,114.54,webcam_motion,webcam_001
2025-12-01T12:08:24.294383,1764590904,1,61.56,127645,115.19,webcam_motion,webcam_001
2025-12-01T12:08:24.397317,1764590904,1,65.17,135131,115.23,webcam_motion,webcam_001
2025-12-01T12:08:24.463742,1764590904,1,36.18,75019,114.85,webcam_motion,webcam_001
2025-12-01T12:08:24.528186,1764590904,1,31.35,65012,114.27,webcam_motion,webcam_001
2025-12-01T12:08:24.599105,1764590904,1,41.32,85672,113.44,webcam_motion,webcam_001
2025-12-01T12:08:24.660855,1764590904,1,53.82,111597,112.97,webcam_motion,webcam_001
2025-12-01T12:08:24.762880,1764590904,1,93.14,193127,112.71,webcam_motion,webcam_001
2025-12-01T12:08:24.829260,1764590904,1,78.22,162195,112.71,webcam_motion,webcam_001
2025-12-01T12:08:24.889244,1764590904,1,78.49,162757,112.83,webcam_motion,webcam_001
2025-12-01T12:08:24.962133,1764590904,1,73.29,151979,113.46,webcam_motion,webcam_001
2025-12-01T12:08:25.027615,1764590905,1,65.49,135794,114.25,webcam_motion,webcam_001
2025-12-01T12:08:25.126473,1764590905,1,92.8,192438,115.54,webcam_motion,webcam_001
2025-12-01T12:08:25.193561,1764590905,1,74.13,153708,116.48,webcam_motion,webcam_001
2025-12-01T12:08:25.265414,1764590905,1,100,229780,117.86,webcam_motion,webcam_001
2025-12-01T12:08:25.329438,1764590905,1,100,388121,119.16,webcam_motion,webcam_001
2025-12-01T12:08:25.394250,1764590905,1,100,320086,120.38,webcam_motion,webcam_001
2025-12-01T12:08:25.497173,1764590905,1,67.62,140221,121.63,webcam_motion,webcam_001
2025-12-01T12:08:25.564742,1764590905,1,100,502121,121.96,webcam_motion,webcam_001
2025-12-01T12:08:25.628961,1764590905,1,100,365294,122.06,webcam_motion,webcam_001
2025-12-01T12:08:25.695566,1764590905,1,100,380460,122.27,webcam_motion,webcam_001
2025-12-01T12:08:25.765173,1764590905,1,100,665303,122.72,webcam_motion,webcam_001
2025-12-01T12:08:25.865159,1764590905,1,100,867366,124.65,webcam_motion,webcam_001
2025-12-01T12:08:25.927410,1764590905,1,100,721478,127.28,webcam_motion,webcam_001
2025-12-01T12:08:25.996432,1764590905,1,100,659814,128.98,webcam_motion,webcam_001
2025-12-01T12:08:26.060307,1764590906,1,100,423799,130.62,webcam_motion,webcam_001
2025-12-01T12:08:26.127377,1764590906,1,100,283371,131.26,webcam_motion,webcam_001
2025-12-01T12:08:26.225096,1764590906,1,100,374909,126.45,webcam_motion,webcam_001
2025-12-01T12:08:26.297828,1764590906,1,100,286401,120.75,webcam_motion,webcam_001
2025-12-01T12:08:26.365358,1764590906,1,81.27,168526,118.43,webcam_motion,webcam_001
2025-12-01T12:08:26.428390,1764590906,1,78.15,162057,119.8,webcam_motion,webcam_001
2025-12-01T12:08:26.481064,1764590906,1,34.98,72536,121.33,webcam_motion,webcam_001
2025-12-01T12:08:26.593341,1764590906,1,81.97,169966,123.74,webcam_motion,webcam_001
2025-12-01T12:08:26.658365,1764590906,1,59.25,122856,124.94,webcam_motion,webcam_001
2025-12-01T12:08:26.729974,1764590906,1,61.8,128139,126.09,webcam_motion,webcam_001
2025-12-01T12:08:26.795290,1764590906,1,60.42,125283,126.82,webcam_motion,webcam_001
2025-12-01T12:08:26.859410,1764590906,1,60.82,126119,127.06,webcam_motion,webcam_001
2025-12-01T12:08:26.965175,1764590906,1,67.8,140586,126.82,webcam_motion,webcam_001
2025-12-01T12:08:27.029237,1764590907,1,27.49,56997,126.59,webcam_motion,webcam_001
2025-12-01T12:08:27.090904,1764590907,1,24.81,51439,126.21,webcam_motion,webcam_001
2025-12-01T12:08:27.157003,1764590907,1,23.03,47760,125.69,webcam_motion,webcam_001
2025-12-01T12:08:27.223718,1764590907,1,18.19,37728,125.3,webcam_motion,webcam_001
2025-12-01T12:08:27.328592,1764590907,1,24.48,50766,125.15,webcam_motion,webcam_001
2025-12-01T12:08:27.394806,1764590907,1,4.63,9594,125.0,webcam_motion,webcam_001
2025-12-01T12:08:27.457401,1764590907,1,9.81,20351,124.7,webcam_motion,webcam_001
2025-12-01T12:08:27.527937,1764590907,1,23.04,47777,123.2,webcam_motion,webcam_001
2025-12-01T12:08:27.593623,1764590907,1,71.18,147596,124.13,webcam_motion,webcam_001
2025-12-01T12:08:27.699291,1764590907,1,100,267028,122.89,webcam_motion,webcam_001
2025-12-01T12:08:27.763514,1764590907,1,100,227910,121.66,webcam_motion,webcam_001
2025-12-01T12:08:27.829471,1764590907,1,95.65,198339,121.41,webcam_motion,webcam_001
2025-12-01T12:08:27.897179,1764590907,1,73.17,151719,121.89,webcam_motion,webcam_001
2025-12-01T12:08:27.963398,1764590907,1,53.3,110515,122.78,webcam_motion,webcam_001
2025-12-01T12:08:28.065739,1764590908,1,73.42,152243,123.26,webcam_motion,webcam_001
2025-12-01T12:08:28.131661,1764590908,1,43.58,90364,123.35,webcam_motion,webcam_001
2025-12-01T12:08:28.192853,1764590908,1,58.67,121655,123.27,webcam_motion,webcam_001
2025-12-01T12:08:28.261292,1764590908,1,63.74,132172,123.42,webcam_motion,webcam_001
2025-12-01T12:08:28.325930,1764590908,1,44.29,91839,123.69,webcam_motion,webcam_001
2025-12-01T12:08:28.433098,1764590908,1,96.23,199537,123.86,webcam_motion,webcam_001
2025-12-01T12:08:28.493673,1764590908,1,32.83,68076,123.13,webcam_motion,webcam_001
2025-12-01T12:08:28.556354,1764590908,1,28.57,59240,122.4,webcam_motion,webcam_001
2025-12-01T12:08:28.624648,1764590908,1,29.31,60781,122.36,webcam_motion,webcam_001
2025-12-01T12:08:28.693565,1764590908,1,8.69,18028,122.68,webcam_motion,webcam_001
2025-12-01T12:08:28.798590,1764590908,1,17.84,37000,122.99,webcam_motion,webcam_001
2025-12-01T12:08:28.865411,1764590908,1,27.77,57576,123.47,webcam_motion,webcam_001
2025-12-01T12:08:28.929184,1764590908,1,45.34,94015,123.8,webcam_motion,webcam_001
2025-12-01T12:08:28.994922,1764590908,1,28.87,59868,123.97,webcam_motion,webcam_001
2025-12-01T12:08:29.064356,1764590909,1,11.15,23123,124.43,webcam_motion,webcam_001
2025-12-01T12:08:29.163548,1764590909,1,25.22,52290,124.46,webcam_motion,webcam_001
2025-12-01T12:08:29.228932,1764590909,1,2.37,4913,124.54,webcam_motion,webcam_001
2025-12-01T12:08:29.291597,1764590909,1,9.57,19846,124.81,webcam_motion,webcam_001
2025-12-01T12:08:29.359353,1764590909,1,13.87,28754,124.91,webcam_motion,webcam_001
2025-12-01T12:08:29.428688,1764590909,1,35.29,73187,125.14,webcam_motion,webcam_001
2025-12-01T12:08:29.527400,1764590909,1,82.29,170645,125.31,webcam_motion,webcam_001
2025-12-01T12:08:29.596014,1764590909,1,76.02,157645,125.43,webcam_motion,webcam_001
2025-12-01T12:08:29.663788,1764590909,1,89.69,185989,125.93,webcam_motion,webcam_001
2025-12-01T12:08:29.725965,1764590909,1,94.07,195060,126.69,webcam_motion,webcam_001
2025-12-01T12:08:29.793482,1764590909,1,100,218854,127.08,webcam_motion,webcam_001
2025-12-01T12:08:29.898093,1764590909,1,100,281344,126.84,webcam_motion,webcam_001
2025-12-01T12:08:29.963908,1764590909,1,89.38,185333,127.07,webcam_motion,webcam_001
2025-12-01T12:08:30.025404,1764590910,1,82.44,170951,127.86,webcam_motion,webcam_001
2025-12-01T12:08:30.090246,1764590910,1,73.07,151523,128.23,webcam_motion,webcam_001
2025-12-01T12:08:30.149414,1764590910,1,51.38,106550,128.1,webcam_motion,webcam_001
2025-12-01T12:08:30.259364,1764590910,1,54.48,112961,128.25,webcam_motion,webcam_001
2025-12-01T12:08:30.321715,1764590910,1,28.95,60022,127.7,webcam_motion,webcam_001
2025-12-01T12:08:30.396113,1764590910,1,39.44,81779,127.05,webcam_motion,webcam_001
2025-12-01T12:08:30.463468,1764590910,1,56.65,117470,126.3,webcam_motion,webcam_001
2025-12-01T12:08:30.526685,1764590910,1,48.1,99748,125.81,webcam_motion,webcam_001
2025-12-01T12:08:30.626388,1764590910,1,49.37,102378,125.11,webcam_motion,webcam_001
2025-12-01T12:08:30.695292,1764590910,1,20.56,42627,124.79,webcam_motion,webcam_001
2025-12-01T12:08:30.761961,1764590910,1,0.25,513,124.72,webcam_motion,webcam_001
2025-12-01T12:08:30.826356,1764590910,0,0.0,0,124.74,webcam_motion,webcam_001
2025-12-01T12:08:30.894259,1764590910,0,0.0,0,124.79,webcam_motion,webcam_001
2025-12-01T12:08:30.999486,1764590910,1,1.9,3935,124.78,webcam_motion,webcam_001
2025-12-01T12:08:31.064438,1764590911,0,0.0,0,124.79,webcam_motion,webcam_001
2025-12-01T12:08:31.132365,1764590911,0,0.0,0,124.72,webcam_motion,webcam_001
2025-12-01T12:08:31.196340,1764590911,1,8.48,17579,124.61,webcam_motion,webcam_001
2025-12-01T12:08:31.260985,1764590911,1,11.56,23962,124.45,webcam_motion,webcam_001
2025-12-01T12:08:31.362317,1764590911,1,36.5,75693,124.04,webcam_motion,webcam_001
2025-12-01T12:08:31.429187,1764590911,1,19.22,39851,123.85,webcam_motion,webcam_001
2025-12-01T12:08:31.496799,1764590911,1,5.98,12391,123.8,webcam_motion,webcam_001
2025-12-01T12:08:31.557604,1764590911,1,1.94,4025,123.78,webcam_motion,webcam_001
2025-12-01T12:08:31.624421,1764590911,1,2.24,4636,123.79,webcam_motion,webcam_001
2025-12-01T12:08:31.729597,1764590911,1,3.54,7339,123.72,webcam_motion,webcam_001
2025-12-01T12:08:31.794142,1764590911,1,5.39,11186,123.7,webcam_motion,webcam_001
2025-12-01T12:08:31.857473,1764590911,1,9.06,18792,123.84,webcam_motion,webcam_001
2025-12-01T12:08:31.922166,1764590911,1,18.8,38975,124.15,webcam_motion,webcam_001
2025-12-01T12:08:31.991191,1764590911,1,13.8,28615,124.4,webcam_motion,webcam_001
2025-12-01T12:08:32.094586,1764590912,1,3.42,7087,124.42,webcam_motion,webcam_001
2025-12-01T12:08:32.164095,1764590912,0,0.0,0,124.35,webcam_motion,webcam_001
2025-12-01T12:08:32.229420,1764590912,0,0.0,0,124.27,webcam_motion,webcam_001
2025-12-01T12:08:32.294298,1764590912,0,0.0,0,124.26,webcam_motion,webcam_001
2025-12-01T12:08:32.359975,1764590912,0,0.0,0,124.28,webcam_motion,webcam_001
2025-12-01T12:08:32.460815,1764590912,1,0.73,1504,124.25,webcam_motion,webcam_001
2025-12-01T12:08:32.528980,1764590912,0,0.0,0,124.17,webcam_motion,webcam_001
2025-12-01T12:08:32.597008,1764590912,0,0.0,0,124.06,webcam_motion,webcam_001
2025-12-01T12:08:32.663242,1764590912,0,0.0,0,123.98,webcam_motion,webcam_001
2025-12-01T12:08:32.728959,1764590912,0,0.0,0,123.94,webcam_motion,webcam_001
2025-12-01T12:08:32.829506,1764590912,0,0.0,0,123.88,webcam_motion,webcam_001
2025-12-01T12:08:32.894738,1764590912,0,0.0,0,123.84,webcam_motion,webcam_001
2025-12-01T12:08:32.962156,1764590912,0,0.0,0,123.76,webcam_motion,webcam_001
2025-12-01T12:08:33.025135,1764590913,1,4.76,9868,123.65,webcam_motion,webcam_001
2025-12-01T12:08:33.091765,1764590913,1,18.67,38712,123.52,webcam_motion,webcam_001
2025-12-01T12:08:33.199123,1764590913,1,51.26,106301,122.12,webcam_motion,webcam_001
2025-12-01T12:08:33.267686,1764590913,1,30.37,62985,121.76,webcam_motion,webcam_001
2025-12-01T12:08:33.332227,1764590913,1,28.65,59412,122.04,webcam_motion,webcam_001
2025-12-01T12:08:33.399420,1764590913,1,33.62,69717,122.41,webcam_motion,webcam_001
2025-12-01T12:08:33.463498,1764590913,1,18.68,38726,122.77,webcam_motion,webcam_001
2025-12-01T12:08:33.563184,1764590913,1,24.71,51243,123.07,webcam_motion,webcam_001
2025-12-01T12:08:33.632286,1764590913,1,24.56,50925,122.94,webcam_motion,webcam_001
2025-12-01T12:08:33.698299,1764590913,1,36.3,75276,122.24,webcam_motion,webcam_001
2025-12-01T12:08:33.763542,1764590913,1,47.02,97502,121.66,webcam_motion,webcam_001
2025-12-01T12:08:33.814725,1764590913,1,32.59,67569,121.45,webcam_motion,webcam_001
2025-12-01T12:08:33.925491,1764590913,1,55.94,116001,122.21,webcam_motion,webcam_001
2025-12-01T12:08:33.989360,1764590913,1,30.86,63981,123.01,webcam_motion,webcam_001
2025-12-01T12:08:34.061284,1764590914,1,15.1,31306,123.94,webcam_motion,webcam_001
2025-12-01T12:08:34.125855,1764590914,1,24.95,51738,125.31,webcam_motion,webcam_001
2025-12-01T12:08:34.193095,1764590914,1,82.98,172058,128.23,webcam_motion,webcam_001
2025-12-01T12:08:34.298245,1764590914,1,100,408130,130.49,webcam_motion,webcam_001
2025-12-01T12:08:34.363731,1764590914,1,100,337663,126.75,webcam_motion,webcam_001
2025-12-01T12:08:34.426815,1764590914,1,100,249372,123.91,webcam_motion,webcam_001
2025-12-01T12:08:34.494248,1764590914,1,80.43,166775,121.75,webcam_motion,webcam_001
2025-12-01T12:08:34.562709,1764590914,1,36.32,75321,121.2,webcam_motion,webcam_001
2025-12-01T12:08:34.666009,1764590914,1,47.55,98597,122.28,webcam_motion,webcam_001
2025-12-01T12:08:34.726367,1764590914,1,77.17,160026,124.66,webcam_motion,webcam_001
2025-12-01T12:08:34.794174,1764590914,1,100,269715,127.02,webcam_motion,webcam_001
2025-12-01T12:08:34.861214,1764590914,1,100,346544,128.78,webcam_motion,webcam_001
2025-12-01T12:08:34.926823,1764590914,1,100,325880,122.05,webcam_motion,webcam_001
2025-12-01T12:08:35.030181,1764590915,1,100,311671,115.26,webcam_motion,webcam_001
2025-12-01T12:08:35.097383,1764590915,1,54.69,113395,115.57,webcam_motion,webcam_001
2025-12-01T12:08:35.163320,1764590915,1,27.73,57508,116.68,webcam_motion,webcam_001
2025-12-01T12:08:35.224609,1764590915,1,30.73,63723,117.78,webcam_motion,webcam_001
2025-12-01T12:08:35.295056,1764590915,1,66.47,137837,118.59,webcam_motion,webcam_001
2025-12-01T12:08:35.403141,1764590915,1,100,301799,121.37,webcam_motion,webcam_001
2025-12-01T12:08:35.465622,1764590915,1,100,210806,124.75,webcam_motion,webcam_001
2025-12-01T12:08:35.531400,1764590915,1,75.59,156748,121.92,webcam_motion,webcam_001
2025-12-01T12:08:35.599169,1764590915,1,18.92,39239,122.24,webcam_motion,webcam_001
2025-12-01T12:08:35.664478,1764590915,1,17.96,37243,122.56,webcam_motion,webcam_001
2025-12-01T12:08:35.765831,1764590915,1,23.55,48834,122.88,webcam_motion,webcam_001
2025-12-01T12:08:35.831332,1764590915,1,16.1,33393,122.91,webcam_motion,webcam_001
2025-12-01T12:08:35.899011,1764590915,1,23.82,49392,122.83,webcam_motion,webcam_001
2025-12-01T12:08:35.962979,1764590915,1,23.89,49537,122.78,webcam_motion,webcam_001
2025-12-01T12:08:36.028084,1764590916,1,12.54,26009,122.86,webcam_motion,webcam_001
2025-12-01T12:08:36.124077,1764590916,1,13.22,27404,123.3,webcam_motion,webcam_001
2025-12-01T12:08:36.194766,1764590916,1,0.8,1658,123.58,webcam_motion,webcam_001
2025-12-01T12:08:36.258916,1764590916,0,0.0,0,123.84,webcam_motion,webcam_001
2025-12-01T12:08:36.324083,1764590916,0,0.0,0,124.07,webcam_motion,webcam_001
2025-12-01T12:08:36.392656,1764590916,0,0.0,0,124.28,webcam_motion,webcam_001
2025-12-01T12:08:36.498462,1764590916,1,2.53,5251,124.64,webcam_motion,webcam_001
2025-12-01T12:08:36.565197,1764590916,1,1.4,2894,124.83,webcam_motion,webcam_001
2025-12-01T12:08:36.629786,1764590916,0,0.0,0,124.99,webcam_motion,webcam_001
2025-12-01T12:08:36.697277,1764590916,1,1.02,2110,125.12,webcam_motion,webcam_001
2025-12-01T12:08:36.763184,1764590916,1,1.37,2842,125.3,webcam_motion,webcam_001
2025-12-01T12:08:36.859597,1764590916,1,19.46,40352,125.74,webcam_motion,webcam_001
2025-12-01T12:08:36.918591,1764590916,1,7.3,15137,125.99,webcam_motion,webcam_001
2025-12-01T12:08:36.982390,1764590916,1,2.18,4526,126.19,webcam_motion,webcam_001
2025-12-01T12:08:37.050982,1764590917,1,0.64,1331,126.26,webcam_motion,webcam_001
2025-12-01T12:08:37.120901,1764590917,1,0.98,2025,126.05,webcam_motion,webcam_001
2025-12-01T12:08:37.265371,1764590917,1,2.44,5058,125.6,webcam_motion,webcam_001
2025-12-01T12:08:37.331074,1764590917,1,2.12,4396,125.58,webcam_motion,webcam_001
2025-12-01T12:08:37.396734,1764590917,0,0.0,0,125.6,webcam_motion,webcam_001
2025-12-01T12:08:37.462533,1764590917,1,0.25,510,125.61,webcam_motion,webcam_001
2025-12-01T12:08:37.529622,1764590917,1,1.82,3774,125.61,webcam_motion,webcam_001
2025-12-01T12:08:37.631168,1764590917,1,3.52,7295,125.7,webcam_motion,webcam_001
2025-12-01T12:08:37.697410,1764590917,1,0.43,889,125.85,webcam_motion,webcam_001
2025-12-01T12:08:37.763649,1764590917,1,0.34,696,126.0,webcam_motion,webcam_001
2025-12-01T12:08:37.828925,1764590917,1,1.24,2571,126.1,webcam_motion,webcam_001
2025-12-01T12:08:37.887273,1764590917,1,1.58,3269,126.16,webcam_motion,webcam_001
2025-12-01T12:08:37.989607,1764590917,1,2.36,4894,126.16,webcam_motion,webcam_001
2025-12-01T12:08:38.060925,1764590918,1,2.08,4321,126.14,webcam_motion,webcam_001
2025-12-01T12:08:38.123599,1764590918,1,1.99,4120,126.16,webcam_motion,webcam_001
2025-12-01T12:08:38.192719,1764590918,1,3.7,7670,126.22,webcam_motion,webcam_001
2025-12-01T12:08:38.263353,1764590918,1,2.4,4981,126.27,webcam_motion,webcam_001
2025-12-01T12:08:38.365269,1764590918,1,4.03,8359,126.3,webcam_motion,webcam_001
2025-12-01T12:08:38.429593,1764590918,1,3.58,7427,126.31,webcam_motion,webcam_001
2025-12-01T12:08:38.492525,1764590918,1,3.74,7746,126.3,webcam_motion,webcam_001
2025-12-01T12:08:38.562007,1764590918,1,4.59,9528,126.3,webcam_motion,webcam_001
2025-12-01T12:08:38.622527,1764590918,1,6.62,13718,126.38,webcam_motion,webcam_001
2025-12-01T12:08:38.725973,1764590918,1,7.56,15677,126.52,webcam_motion,webcam_001
2025-12-01T12:08:38.786931,1764590918,1,1.87,3871,126.59,webcam_motion,webcam_001
2025-12-01T12:08:38.854527,1764590918,1,0.72,1502,126.61,webcam_motion,webcam_001
2025-12-01T12:08:38.922152,1764590918,1,0.33,675,126.65,webcam_motion,webcam_001
2025-12-01T12:08:38.989351,1764590918,1,0.83,1721,126.74,webcam_motion,webcam_001
2025-12-01T12:08:39.098256,1764590919,1,11.79,24456,126.93,webcam_motion,webcam_001
2025-12-01T12:08:39.163409,1764590919,1,3.06,6346,126.97,webcam_motion,webcam_001
2025-12-01T12:08:39.230686,1764590919,1,1.53,3166,126.93,webcam_motion,webcam_001
2025-12-01T12:08:39.289848,1764590919,1,0.57,1189,126.83,webcam_motion,webcam_001
2025-12-01T12:08:39.361202,1764590919,1,1.62,3366,126.79,webcam_motion,webcam_001
2025-12-01T12:08:39.467542,1764590919,1,3.46,7177,126.78,webcam_motion,webcam_001
2025-12-01T12:08:39.525558,1764590919,1,1.91,3959,126.72,webcam_motion,webcam_001
2025-12-01T12:08:39.584526,1764590919,1,3.77,7817,126.66,webcam_motion,webcam_001
2025-12-01T12:08:39.662932,1764590919,1,7.09,14699,126.64,webcam_motion,webcam_001
2025-12-01T12:08:39.724709,1764590919,1,8.41,17433,126.59,webcam_motion,webcam_001
2025-12-01T12:08:39.827794,1764590919,1,10.97,22746,126.52,webcam_motion,webcam_001
2025-12-01T12:08:39.896047,1764590919,1,12.42,25746,126.64,webcam_motion,webcam_001
2025-12-01T12:08:39.964209,1764590919,1,14.22,29480,126.85,webcam_motion,webcam_001
2025-12-01T12:08:40.029534,1764590920,1,14.52,30118,127.08,webcam_motion,webcam_001
2025-12-01T12:08:40.096285,1764590920,1,11.68,24210,127.14,webcam_motion,webcam_001
2025-12-01T12:08:40.194170,1764590920,1,14.89,30871,127.15,webcam_motion,webcam_001
2025-12-01T12:08:40.264173,1764590920,1,10.72,22235,127.34,webcam_motion,webcam_001
2025-12-01T12:08:40.325328,1764590920,1,10.52,21814,127.5,webcam_motion,webcam_001
2025-12-01T12:08:40.397825,1764590920,1,11.54,23929,127.64,webcam_motion,webcam_001
2025-12-01T12:08:40.463334,1764590920,1,11.56,23970,127.78,webcam_motion,webcam_001
2025-12-01T12:08:40.564061,1764590920,1,11.27,23374,127.94,webcam_motion,webcam_001
2025-12-01T12:08:40.632636,1764590920,1,4.99,10345,127.99,webcam_motion,webcam_001
2025-12-01T12:08:40.696920,1764590920,1,3.67,7612,128.08,webcam_motion,webcam_001
2025-12-01T12:08:40.762903,1764590920,1,0.93,1932,128.13,webcam_motion,webcam_001
2025-12-01T12:08:40.828598,1764590920,1,0.43,888,128.2,webcam_motion,webcam_001
2025-12-01T12:08:40.929236,1764590920,1,1.33,2761,128.28,webcam_motion,webcam_001
2025-12-01T12:08:40.998771,1764590920,1,0.92,1917,128.39,webcam_motion,webcam_001
2025-12-01T12:08:41.060036,1764590921,1,1.41,2932,128.52,webcam_motion,webcam_001
2025-12-01T12:08:41.124539,1764590921,1,4.41,9143,128.75,webcam_motion,webcam_001
2025-12-01T12:08:41.184615,1764590921,1,9.92,20566,128.76,webcam_motion,webcam_001
2025-12-01T12:08:41.290527,1764590921,1,16.54,34290,128.45,webcam_motion,webcam_001
2025-12-01T12:08:41.358394,1764590921,1,15.06,31236,128.16,webcam_motion,webcam_001
2025-12-01T12:08:41.424725,1764590921,1,16.8,34838,127.93,webcam_motion,webcam_001
2025-12-01T12:08:41.494557,1764590921,1,22.35,46335,127.6,webcam_motion,webcam_001
2025-12-01T12:08:41.557587,1764590921,1,26.91,55807,126.76,webcam_motion,webcam_001
2025-12-01T12:08:41.663366,1764590921,1,46.08,95546,124.76,webcam_motion,webcam_001
2025-12-01T12:08:41.716376,1764590921,1,38.99,80846,124.32,webcam_motion,webcam_001
2025-12-01T12:08:41.781355,1764590921,1,43.65,90512,123.98,webcam_motion,webcam_001
2025-12-01T12:08:41.848013,1764590921,1,39.8,82529,124.37,webcam_motion,webcam_001
2025-12-01T12:08:41.916108,1764590921,1,31.58,65475,126.06,webcam_motion,webcam_001
2025-12-01T12:08:42.024641,1764590922,1,36.89,76497,128.58,webcam_motion,webcam_001
2025-12-01T12:08:42.091603,1764590922,1,17.59,36472,129.02,webcam_motion,webcam_001
2025-12-01T12:08:42.158399,1764590922,1,10.52,21823,128.94,webcam_motion,webcam_001
2025-12-01T12:08:42.229431,1764590922,1,5.17,10713,128.78,webcam_motion,webcam_001
2025-12-01T12:08:42.295558,1764590922,1,3.52,7292,128.55,webcam_motion,webcam_001
2025-12-01T12:08:42.386071,1764590922,1,2.02,4181,128.07,webcam_motion,webcam_001
2025-12-01T12:08:42.454735,1764590922,0,0.0,0,127.91,webcam_motion,webcam_001
2025-12-01T12:08:42.516246,1764590922,0,0.0,0,127.72,webcam_motion,webcam_001
2025-12-01T12:08:42.588126,1764590922,0,0.0,0,127.47,webcam_motion,webcam_001
2025-12-01T12:08:42.656502,1764590922,0,0.0,0,127.29,webcam_motion,webcam_001
2025-12-01T12:08:42.764320,1764590922,1,0.8,1649,127.14,webcam_motion,webcam_001
2025-12-01T12:08:42.830076,1764590922,0,0.0,0,127.09,webcam_motion,webcam_001
2025-12-01T12:08:42.886439,1764590922,0,0.0,0,127.08,webcam_motion,webcam_001
2025-12-01T12:08:42.947978,1764590922,0,0.0,0,127.09,webcam_motion,webcam_001
2025-12-01T12:08:43.029529,1764590923,0,0.0,0,127.16,webcam_motion,webcam_001
2025-12-01T12:08:43.130499,1764590923,0,0.0,0,127.15,webcam_motion,webcam_001
2025-12-01T12:08:43.187714,1764590923,0,0.0,0,127.1,webcam_motion,webcam_001
2025-12-01T12:08:43.266492,1764590923,0,0.0,0,127.06,webcam_motion,webcam_001
2025-12-01T12:08:43.333226,1764590923,0,0.0,0,127.01,webcam_motion,webcam_001
2025-12-01T12:08:43.396062,1764590923,1,0.34,705,126.99,webcam_motion,webcam_001
2025-12-01T12:08:43.498838,1764590923,1,0.25,522,126.95,webcam_motion,webcam_001
2025-12-01T12:08:43.561529,1764590923,0,0.0,0,126.9,webcam_motion,webcam_001
